/var/lib/slurm-llnl/slurmd/job1646846/slurm_script: line 22: * 1: syntax error: operand expected (error token is "* 1")


XXXXXXXXXXXXXXXXXXXXXXXXXXXXXXXXXXXXXXXXXXXX 
Date:  Thu 25 Jun 2026 02:45:08 PM CEST
Directory:  /home/drigoni/repository/ConStruct-Thesis
--------------------------------------------- 
Number of nodes:  1
Ntasks per node: 
NGPUs per node: 
Nodelist:  dellsrv1
--------------------------------------------- 
SLURM_MASTER_PORT:  16846
SLURM_MASTER_NODE:  dellsrv1
--------------------------------------------- 
SLURM_PROCID:  0
TORCH_DEVICE_COUNT:  1
Thu Jun 25 14:45:17 2026       
+-----------------------------------------------------------------------------------------+
| NVIDIA-SMI 570.86.15              Driver Version: 570.86.15      CUDA Version: 12.8     |
|-----------------------------------------+------------------------+----------------------+
| GPU  Name                 Persistence-M | Bus-Id          Disp.A | Volatile Uncorr. ECC |
| Fan  Temp   Perf          Pwr:Usage/Cap |           Memory-Usage | GPU-Util  Compute M. |
|                                         |                        |               MIG M. |
|=========================================+========================+======================|
|   0  Tesla V100-FHHL-16GB           Off |   00000000:04:00.0 Off |                    0 |
| N/A   65C    P0             42W /  150W |    3614MiB /  16384MiB |      0%      Default |
|                                         |                        |                  N/A |
+-----------------------------------------+------------------------+----------------------+
                                                                                         
+-----------------------------------------------------------------------------------------+
| Processes:                                                                              |
|  GPU   GI   CI              PID   Type   Process name                        GPU Memory |
|        ID   ID                                                               Usage      |
|=========================================================================================|
+-----------------------------------------------------------------------------------------+
XXXXXXXXXXXXXXXXXXXXXXXXXXXXXXXXXXXXXXXXXXXXX 


=== Running Experiment: qm9_no_constraint_thesis ===
Config: thesis/no_constraint/qm9_thesis_no_constraint
Job ID: 1646846
Node: dellsrv1
Time: Thu 25 Jun 2026 02:45:17 PM CEST
Graph tool not found, non molecular datasets cannot be used
/home/drigoni/Programs/miniconda/envs/construct/lib/python3.10/site-packages/torch_geometric/__init__.py:4: UserWarning: An issue occurred while importing 'torch-scatter'. Disabling its usage. Stacktrace: Could not load this library: /home/drigoni/Programs/miniconda/envs/construct/lib/python3.10/site-packages/torch_scatter/_version_cuda.so
  import torch_geometric.typing
/home/drigoni/Programs/miniconda/envs/construct/lib/python3.10/site-packages/torch_geometric/__init__.py:4: UserWarning: An issue occurred while importing 'torch-sparse'. Disabling its usage. Stacktrace: Could not load this library: /home/drigoni/Programs/miniconda/envs/construct/lib/python3.10/site-packages/torch_sparse/_version_cuda.so
  import torch_geometric.typing
[rank: 0] Seed set to 0
Loading reference metrics.
Edge-deletion transition model (for 'at most' constraints)
[INFO] Early stopping enabled: monitoring 'val/epoch_NLL' with patience 28
GPU available: True (cuda), used: True
TPU available: False, using: 0 TPU cores
💡 Tip: For seamless cloud logging and experiment tracking, try installing [litlogger](https://pypi.org/project/litlogger/) to enable LitLogger, which logs metrics and artifacts automatically to the Lightning Experiments platform.
Initializing distributed: GLOBAL_RANK: 0, MEMBER: 1/1
----------------------------------------------------------------------------------------------------
distributed_backend=nccl
All distributed processes registered. Starting with 1 processes
----------------------------------------------------------------------------------------------------

/home/drigoni/Programs/miniconda/envs/construct/lib/python3.10/site-packages/pytorch_lightning/callbacks/model_checkpoint.py:881: Checkpoint directory /home/drigoni/repository/ConStruct-Thesis/ConStruct/checkpoints/qm9_thesis_no_constraint exists and is not empty.
LOCAL_RANK: 0 - CUDA_VISIBLE_DEVICES: [0]

  | Name                  | Type                  | Params | Mode  | FLOPs
--------------------------------------------------------------------------------
0 | train_loss            | TrainLoss             | 0      | train | 0    
1 | train_metrics         | TrainMolecularMetrics | 0      | train | 0    
2 | val_metrics           | MetricCollection      | 0      | train | 0    
3 | val_nll               | NLL                   | 0      | train | 0    
4 | val_sampling_metrics  | SamplingMetrics       | 0      | train | 0    
5 | test_metrics          | MetricCollection      | 0      | train | 0    
6 | test_nll              | NLL                   | 0      | train | 0    
7 | test_sampling_metrics | SamplingMetrics       | 0      | train | 0    
8 | model                 | GraphTransformer      | 3.5 M  | train | 0    
--------------------------------------------------------------------------------
3.5 M     Trainable params
0         Non-trainable params
3.5 M     Total params
13.901    Total estimated model params size (MB)
268       Modules in train mode
0         Modules in eval mode
0         Total Flops
wandb: WARNING `start_method` is deprecated and will be removed in a future version of wandb. This setting is currently non-functional and safely ignored.
wandb: [wandb.login()] Loaded credentials for https://api.wandb.ai from /home/drigoni/.netrc.
wandb: Currently logged in as: drigoni to https://api.wandb.ai. Use `wandb login --relogin` to force relogin
wandb: WARNING Using a boolean value for 'reinit' is deprecated. Use 'return_previous' or 'finish_previous' instead.
wandb: Tracking run with wandb version 0.28.0
wandb: Run data is saved locally in /home/drigoni/repository/ConStruct-Thesis/ConStruct/wandb/run-20260625_144608-5zstl0j7
wandb: Run `wandb offline` to turn off syncing.
wandb: Syncing run qm9_thesis_no_constraint-qm9
wandb: ⭐️ View project at https://wandb.ai/drigoni/ConStruct
wandb: 🚀 View run at https://wandb.ai/drigoni/ConStruct/runs/5zstl0j7
wandb: WARNING Symlinked 2 files into the W&B run directory; call wandb.save again to sync new files.
SLURM auto-requeueing enabled. Setting signal handlers.
/home/drigoni/Programs/miniconda/envs/construct/lib/python3.10/site-packages/pytorch_lightning/utilities/_pytree.py:21: `isinstance(treespec, LeafSpec)` is deprecated, use `isinstance(treespec, TreeSpec) and treespec.is_leaf()` instead.
Epoch 0: val/epoch_NLL: 279.56 -- val/X_kl: 5.65 -- val/E_kl: 254.49 -- val/charges_kl: 14.75 
Val loss: 279.5571 	 Best val loss:  279.5571

Val epoch 0 ends
Starting epoch 0
/home/drigoni/Programs/miniconda/envs/construct/lib/python3.10/site-packages/torch/autograd/graph.py:882: UserWarning: The AccumulateGrad node's stream does not match the stream of the node that produced the incoming gradient. This may incur unnecessary synchronization and break CUDA graph capture if the AccumulateGrad node's stream is the default stream. This mismatch is caused by an AccumulateGrad node created prior to the current iteration being kept alive. This can happen if the autograd graph is still being kept alive by tensors such as the loss, or if you are using DDP, which will stash a reference to the node. To resolve the mismatch, delete all references to the autograd graph or ensure that DDP initialization is performed under the same stream as subsequent forwards. If the mismatch is intentional, you can use torch.autograd.graph.set_warn_on_accumulate_grad_stream_mismatch(False) to suppress this warning. (Triggered internally at /pytorch/torch/csrc/autograd/input_buffer.cpp:240.)
  return Variable._execution_engine.run_backward(  # Calls into the C++ engine to run the backward pass
Train epoch 0 ends
Epoch 0 finished: X: 0.52 -- charges: 0.10 -- E: 0.41 -- y: -1.00 -- 97.7s 
Epoch 0: {'CarbonCE': 0.395, 'NitroCE': 0.237, 'OxyCE': 0.285, 'FluorCE': 0.014} -- {'NoBondCE': 0.342, 'SingleCE': 0.319, 'DoubleCE': 0.066, 'TripleCE': 0.026, 'AromaticCE': 0.003}
Starting epoch 1
/home/drigoni/repository/ConStruct-Thesis/ConStruct/diffusion/extra_features.py:138: UserWarning: Falling back to CPU/float64 eigendecomposition for eigenfeatures after torch.linalg.eigh failed on the current device.
  warnings.warn(
Train epoch 1 ends
Epoch 1 finished: X: 0.48 -- charges: 0.09 -- E: 0.39 -- y: -1.00 -- 98.5s 
Epoch 1: {'CarbonCE': 0.373, 'NitroCE': 0.222, 'OxyCE': 0.269, 'FluorCE': 0.01} -- {'NoBondCE': 0.332, 'SingleCE': 0.311, 'DoubleCE': 0.061, 'TripleCE': 0.022, 'AromaticCE': 0.0}
Starting epoch 2
Train epoch 2 ends
Epoch 2 finished: X: 0.48 -- charges: 0.08 -- E: 0.39 -- y: -1.00 -- 94.6s 
Epoch 2: {'CarbonCE': 0.37, 'NitroCE': 0.22, 'OxyCE': 0.266, 'FluorCE': 0.01} -- {'NoBondCE': 0.33, 'SingleCE': 0.309, 'DoubleCE': 0.061, 'TripleCE': 0.022, 'AromaticCE': 0.0}
Starting epoch 3
Train epoch 3 ends
Epoch 3 finished: X: 0.48 -- charges: 0.08 -- E: 0.39 -- y: -1.00 -- 98.6s 
Epoch 3: {'CarbonCE': 0.369, 'NitroCE': 0.219, 'OxyCE': 0.266, 'FluorCE': 0.01} -- {'NoBondCE': 0.331, 'SingleCE': 0.309, 'DoubleCE': 0.06, 'TripleCE': 0.022, 'AromaticCE': 0.0}
Starting epoch 4
Epoch 4: val/epoch_NLL: 73.24 -- val/X_kl: 3.23 -- val/E_kl: 68.81 -- val/charges_kl: 0.63 
Val loss: 73.2361 	 Best val loss:  73.2361

Val epoch 4 ends
Metric val/epoch_NLL improved. New best score: 73.236
Train epoch 4 ends
Epoch 4 finished: X: 0.47 -- charges: 0.08 -- E: 0.38 -- y: -1.00 -- 107.5s 
Epoch 4: {'CarbonCE': 0.365, 'NitroCE': 0.216, 'OxyCE': 0.264, 'FluorCE': 0.01} -- {'NoBondCE': 0.328, 'SingleCE': 0.307, 'DoubleCE': 0.06, 'TripleCE': 0.021, 'AromaticCE': 0.0}
Starting epoch 5
Train epoch 5 ends
Epoch 5 finished: X: 0.47 -- charges: 0.08 -- E: 0.38 -- y: -1.00 -- 93.8s 
Epoch 5: {'CarbonCE': 0.364, 'NitroCE': 0.215, 'OxyCE': 0.263, 'FluorCE': 0.009} -- {'NoBondCE': 0.327, 'SingleCE': 0.306, 'DoubleCE': 0.06, 'TripleCE': 0.021, 'AromaticCE': 0.0}
Starting epoch 6
Train epoch 6 ends
Epoch 6 finished: X: 0.47 -- charges: 0.08 -- E: 0.38 -- y: -1.00 -- 95.1s 
Epoch 6: {'CarbonCE': 0.365, 'NitroCE': 0.216, 'OxyCE': 0.263, 'FluorCE': 0.009} -- {'NoBondCE': 0.328, 'SingleCE': 0.306, 'DoubleCE': 0.06, 'TripleCE': 0.022, 'AromaticCE': 0.0}
Starting epoch 7
Train epoch 7 ends
Epoch 7 finished: X: 0.47 -- charges: 0.08 -- E: 0.38 -- y: -1.00 -- 95.4s 
Epoch 7: {'CarbonCE': 0.366, 'NitroCE': 0.216, 'OxyCE': 0.264, 'FluorCE': 0.009} -- {'NoBondCE': 0.328, 'SingleCE': 0.306, 'DoubleCE': 0.06, 'TripleCE': 0.021, 'AromaticCE': 0.0}
Starting epoch 8
Train epoch 8 ends
Epoch 8 finished: X: 0.47 -- charges: 0.08 -- E: 0.38 -- y: -1.00 -- 94.0s 
Epoch 8: {'CarbonCE': 0.362, 'NitroCE': 0.214, 'OxyCE': 0.263, 'FluorCE': 0.008} -- {'NoBondCE': 0.327, 'SingleCE': 0.306, 'DoubleCE': 0.06, 'TripleCE': 0.021, 'AromaticCE': 0.0}
Starting epoch 9
Epoch 9: val/epoch_NLL: 68.43 -- val/X_kl: 3.19 -- val/E_kl: 64.07 -- val/charges_kl: 0.61 
Val loss: 68.4273 	 Best val loss:  68.4273

Val epoch 9 ends
Metric val/epoch_NLL improved by 4.809 >= min_delta = 0.0001. New best score: 68.427
Train epoch 9 ends
Epoch 9 finished: X: 0.47 -- charges: 0.08 -- E: 0.38 -- y: -1.00 -- 105.6s 
Epoch 9: {'CarbonCE': 0.362, 'NitroCE': 0.214, 'OxyCE': 0.262, 'FluorCE': 0.009} -- {'NoBondCE': 0.326, 'SingleCE': 0.304, 'DoubleCE': 0.059, 'TripleCE': 0.021, 'AromaticCE': 0.0}
Starting epoch 10
Train epoch 10 ends
Epoch 10 finished: X: 0.47 -- charges: 0.08 -- E: 0.38 -- y: -1.00 -- 94.4s 
Epoch 10: {'CarbonCE': 0.363, 'NitroCE': 0.215, 'OxyCE': 0.263, 'FluorCE': 0.009} -- {'NoBondCE': 0.327, 'SingleCE': 0.305, 'DoubleCE': 0.06, 'TripleCE': 0.021, 'AromaticCE': 0.0}
Starting epoch 11
Train epoch 11 ends
Epoch 11 finished: X: 0.47 -- charges: 0.08 -- E: 0.38 -- y: -1.00 -- 93.9s 
Epoch 11: {'CarbonCE': 0.362, 'NitroCE': 0.214, 'OxyCE': 0.262, 'FluorCE': 0.009} -- {'NoBondCE': 0.326, 'SingleCE': 0.304, 'DoubleCE': 0.059, 'TripleCE': 0.021, 'AromaticCE': 0.0}
Starting epoch 12
Train epoch 12 ends
Epoch 12 finished: X: 0.47 -- charges: 0.08 -- E: 0.38 -- y: -1.00 -- 93.5s 
Epoch 12: {'CarbonCE': 0.362, 'NitroCE': 0.215, 'OxyCE': 0.263, 'FluorCE': 0.009} -- {'NoBondCE': 0.327, 'SingleCE': 0.306, 'DoubleCE': 0.06, 'TripleCE': 0.021, 'AromaticCE': 0.0}
Starting epoch 13
Train epoch 13 ends
Epoch 13 finished: X: 0.47 -- charges: 0.08 -- E: 0.38 -- y: -1.00 -- 93.9s 
Epoch 13: {'CarbonCE': 0.361, 'NitroCE': 0.214, 'OxyCE': 0.262, 'FluorCE': 0.009} -- {'NoBondCE': 0.326, 'SingleCE': 0.304, 'DoubleCE': 0.059, 'TripleCE': 0.021, 'AromaticCE': 0.0}
Starting epoch 14
Epoch 14: val/epoch_NLL: 72.28 -- val/X_kl: 3.14 -- val/E_kl: 67.99 -- val/charges_kl: 0.63 
Val loss: 72.2836 	 Best val loss:  68.4273

Val epoch 14 ends
Train epoch 14 ends
Epoch 14 finished: X: 0.47 -- charges: 0.08 -- E: 0.38 -- y: -1.00 -- 104.7s 
Epoch 14: {'CarbonCE': 0.361, 'NitroCE': 0.214, 'OxyCE': 0.262, 'FluorCE': 0.008} -- {'NoBondCE': 0.325, 'SingleCE': 0.304, 'DoubleCE': 0.059, 'TripleCE': 0.021, 'AromaticCE': 0.0}
Starting epoch 15
Train epoch 15 ends
Epoch 15 finished: X: 0.47 -- charges: 0.08 -- E: 0.38 -- y: -1.00 -- 93.8s 
Epoch 15: {'CarbonCE': 0.359, 'NitroCE': 0.212, 'OxyCE': 0.261, 'FluorCE': 0.009} -- {'NoBondCE': 0.324, 'SingleCE': 0.303, 'DoubleCE': 0.059, 'TripleCE': 0.021, 'AromaticCE': 0.0}
Starting epoch 16
Train epoch 16 ends
Epoch 16 finished: X: 0.47 -- charges: 0.08 -- E: 0.38 -- y: -1.00 -- 93.6s 
Epoch 16: {'CarbonCE': 0.36, 'NitroCE': 0.213, 'OxyCE': 0.261, 'FluorCE': 0.009} -- {'NoBondCE': 0.324, 'SingleCE': 0.303, 'DoubleCE': 0.059, 'TripleCE': 0.021, 'AromaticCE': 0.0}
Starting epoch 17
Train epoch 17 ends
Epoch 17 finished: X: 0.47 -- charges: 0.08 -- E: 0.38 -- y: -1.00 -- 95.5s 
Epoch 17: {'CarbonCE': 0.361, 'NitroCE': 0.213, 'OxyCE': 0.262, 'FluorCE': 0.009} -- {'NoBondCE': 0.325, 'SingleCE': 0.304, 'DoubleCE': 0.059, 'TripleCE': 0.021, 'AromaticCE': 0.0}
Starting epoch 18
Train epoch 18 ends
Epoch 18 finished: X: 0.47 -- charges: 0.08 -- E: 0.38 -- y: -1.00 -- 92.6s 
Epoch 18: {'CarbonCE': 0.361, 'NitroCE': 0.213, 'OxyCE': 0.261, 'FluorCE': 0.008} -- {'NoBondCE': 0.324, 'SingleCE': 0.303, 'DoubleCE': 0.059, 'TripleCE': 0.021, 'AromaticCE': 0.0}
Starting epoch 19
Epoch 19: val/epoch_NLL: 71.55 -- val/X_kl: 3.13 -- val/E_kl: 67.29 -- val/charges_kl: 0.59 
Val loss: 71.5493 	 Best val loss:  68.4273

Val epoch 19 ends
Train epoch 19 ends
Epoch 19 finished: X: 0.47 -- charges: 0.08 -- E: 0.38 -- y: -1.00 -- 107.5s 
Epoch 19: {'CarbonCE': 0.36, 'NitroCE': 0.213, 'OxyCE': 0.26, 'FluorCE': 0.009} -- {'NoBondCE': 0.324, 'SingleCE': 0.302, 'DoubleCE': 0.059, 'TripleCE': 0.021, 'AromaticCE': 0.0}
Starting epoch 20
Train epoch 20 ends
Epoch 20 finished: X: 0.47 -- charges: 0.08 -- E: 0.38 -- y: -1.00 -- 92.4s 
Epoch 20: {'CarbonCE': 0.36, 'NitroCE': 0.213, 'OxyCE': 0.261, 'FluorCE': 0.009} -- {'NoBondCE': 0.325, 'SingleCE': 0.303, 'DoubleCE': 0.059, 'TripleCE': 0.021, 'AromaticCE': 0.0}
Starting epoch 21
Train epoch 21 ends
Epoch 21 finished: X: 0.46 -- charges: 0.08 -- E: 0.38 -- y: -1.00 -- 94.4s 
Epoch 21: {'CarbonCE': 0.358, 'NitroCE': 0.212, 'OxyCE': 0.26, 'FluorCE': 0.009} -- {'NoBondCE': 0.323, 'SingleCE': 0.302, 'DoubleCE': 0.059, 'TripleCE': 0.021, 'AromaticCE': 0.0}
Starting epoch 22
Train epoch 22 ends
Epoch 22 finished: X: 0.47 -- charges: 0.08 -- E: 0.38 -- y: -1.00 -- 92.4s 
Epoch 22: {'CarbonCE': 0.359, 'NitroCE': 0.213, 'OxyCE': 0.26, 'FluorCE': 0.009} -- {'NoBondCE': 0.323, 'SingleCE': 0.302, 'DoubleCE': 0.059, 'TripleCE': 0.021, 'AromaticCE': 0.0}
Starting epoch 23
Train epoch 23 ends
Epoch 23 finished: X: 0.47 -- charges: 0.08 -- E: 0.38 -- y: -1.00 -- 92.9s 
Epoch 23: {'CarbonCE': 0.359, 'NitroCE': 0.213, 'OxyCE': 0.261, 'FluorCE': 0.009} -- {'NoBondCE': 0.324, 'SingleCE': 0.302, 'DoubleCE': 0.059, 'TripleCE': 0.021, 'AromaticCE': 0.0}
Starting epoch 24
Epoch 24: val/epoch_NLL: 69.61 -- val/X_kl: 3.08 -- val/E_kl: 65.38 -- val/charges_kl: 0.58 
Val loss: 69.6113 	 Best val loss:  68.4273

Val epoch 24 ends
Train epoch 24 ends
Epoch 24 finished: X: 0.47 -- charges: 0.08 -- E: 0.38 -- y: -1.00 -- 109.2s 
Epoch 24: {'CarbonCE': 0.36, 'NitroCE': 0.213, 'OxyCE': 0.261, 'FluorCE': 0.009} -- {'NoBondCE': 0.324, 'SingleCE': 0.303, 'DoubleCE': 0.059, 'TripleCE': 0.021, 'AromaticCE': 0.0}
Starting epoch 25
Train epoch 25 ends
Epoch 25 finished: X: 0.47 -- charges: 0.08 -- E: 0.38 -- y: -1.00 -- 91.0s 
Epoch 25: {'CarbonCE': 0.36, 'NitroCE': 0.214, 'OxyCE': 0.261, 'FluorCE': 0.009} -- {'NoBondCE': 0.324, 'SingleCE': 0.302, 'DoubleCE': 0.059, 'TripleCE': 0.021, 'AromaticCE': 0.0}
Starting epoch 26
Train epoch 26 ends
Epoch 26 finished: X: 0.47 -- charges: 0.08 -- E: 0.38 -- y: -1.00 -- 92.4s 
Epoch 26: {'CarbonCE': 0.359, 'NitroCE': 0.213, 'OxyCE': 0.26, 'FluorCE': 0.009} -- {'NoBondCE': 0.323, 'SingleCE': 0.302, 'DoubleCE': 0.059, 'TripleCE': 0.021, 'AromaticCE': 0.0}
Starting epoch 27
Train epoch 27 ends
Epoch 27 finished: X: 0.47 -- charges: 0.08 -- E: 0.38 -- y: -1.00 -- 94.7s 
Epoch 27: {'CarbonCE': 0.359, 'NitroCE': 0.212, 'OxyCE': 0.261, 'FluorCE': 0.009} -- {'NoBondCE': 0.323, 'SingleCE': 0.301, 'DoubleCE': 0.059, 'TripleCE': 0.021, 'AromaticCE': 0.0}
Starting epoch 28
Train epoch 28 ends
Epoch 28 finished: X: 0.46 -- charges: 0.08 -- E: 0.38 -- y: -1.00 -- 92.9s 
Epoch 28: {'CarbonCE': 0.359, 'NitroCE': 0.213, 'OxyCE': 0.26, 'FluorCE': 0.009} -- {'NoBondCE': 0.322, 'SingleCE': 0.301, 'DoubleCE': 0.059, 'TripleCE': 0.021, 'AromaticCE': 0.0}
Starting epoch 29
Epoch 29: val/epoch_NLL: 70.01 -- val/X_kl: 3.12 -- val/E_kl: 65.75 -- val/charges_kl: 0.59 
Val loss: 70.0106 	 Best val loss:  68.4273

Val epoch 29 ends
Train epoch 29 ends
Epoch 29 finished: X: 0.46 -- charges: 0.08 -- E: 0.38 -- y: -1.00 -- 105.6s 
Epoch 29: {'CarbonCE': 0.358, 'NitroCE': 0.211, 'OxyCE': 0.26, 'FluorCE': 0.009} -- {'NoBondCE': 0.323, 'SingleCE': 0.302, 'DoubleCE': 0.059, 'TripleCE': 0.021, 'AromaticCE': 0.0}
Starting epoch 30
Train epoch 30 ends
Epoch 30 finished: X: 0.47 -- charges: 0.08 -- E: 0.38 -- y: -1.00 -- 94.4s 
Epoch 30: {'CarbonCE': 0.36, 'NitroCE': 0.213, 'OxyCE': 0.261, 'FluorCE': 0.009} -- {'NoBondCE': 0.323, 'SingleCE': 0.302, 'DoubleCE': 0.059, 'TripleCE': 0.021, 'AromaticCE': 0.0}
Starting epoch 31
Train epoch 31 ends
Epoch 31 finished: X: 0.47 -- charges: 0.08 -- E: 0.38 -- y: -1.00 -- 95.3s 
Epoch 31: {'CarbonCE': 0.36, 'NitroCE': 0.214, 'OxyCE': 0.261, 'FluorCE': 0.009} -- {'NoBondCE': 0.323, 'SingleCE': 0.302, 'DoubleCE': 0.059, 'TripleCE': 0.021, 'AromaticCE': 0.0}
Starting epoch 32
Train epoch 32 ends
Epoch 32 finished: X: 0.47 -- charges: 0.08 -- E: 0.38 -- y: -1.00 -- 92.1s 
Epoch 32: {'CarbonCE': 0.359, 'NitroCE': 0.212, 'OxyCE': 0.261, 'FluorCE': 0.009} -- {'NoBondCE': 0.322, 'SingleCE': 0.301, 'DoubleCE': 0.059, 'TripleCE': 0.021, 'AromaticCE': 0.0}
Starting epoch 33
Train epoch 33 ends
Epoch 33 finished: X: 0.46 -- charges: 0.08 -- E: 0.38 -- y: -1.00 -- 94.5s 
Epoch 33: {'CarbonCE': 0.359, 'NitroCE': 0.213, 'OxyCE': 0.26, 'FluorCE': 0.009} -- {'NoBondCE': 0.322, 'SingleCE': 0.301, 'DoubleCE': 0.059, 'TripleCE': 0.021, 'AromaticCE': 0.0}
Starting epoch 34
Epoch 34: val/epoch_NLL: 69.49 -- val/X_kl: 3.16 -- val/E_kl: 65.16 -- val/charges_kl: 0.62 
Val loss: 69.4938 	 Best val loss:  68.4273

[2026-06-25 15:42:36] Sampling start
[2026-06-25 15:42:36] Sampling a batch with 50 graphs on local rank 0. Saving 50 visualization and 10 full chains.
🔧 No constraint training - generating unrestricted graphs
[2026-06-25 15:42:56] Batch sampled. Visualizing chains starts!
1/10 chains saved on local rank 0.Saving /home/drigoni/repository/ConStruct-Thesis/ConStruct/chains/epoch34/batch50_GR0/molecule_50_0.gif to wandb
wandb: WARNING `fps` argument does not affect the frame rate of the video when providing a file path or raw bytes.
2/10 chains saved on local rank 0.Saving /home/drigoni/repository/ConStruct-Thesis/ConStruct/chains/epoch34/batch50_GR0/molecule_51_0.gif to wandb
wandb: WARNING `fps` argument does not affect the frame rate of the video when providing a file path or raw bytes.
3/10 chains saved on local rank 0.Saving /home/drigoni/repository/ConStruct-Thesis/ConStruct/chains/epoch34/batch50_GR0/molecule_52_0.gif to wandb
wandb: WARNING `fps` argument does not affect the frame rate of the video when providing a file path or raw bytes.
4/10 chains saved on local rank 0.Saving /home/drigoni/repository/ConStruct-Thesis/ConStruct/chains/epoch34/batch50_GR0/molecule_53_0.gif to wandb
wandb: WARNING `fps` argument does not affect the frame rate of the video when providing a file path or raw bytes.
5/10 chains saved on local rank 0.Saving /home/drigoni/repository/ConStruct-Thesis/ConStruct/chains/epoch34/batch50_GR0/molecule_54_0.gif to wandb
wandb: WARNING `fps` argument does not affect the frame rate of the video when providing a file path or raw bytes.
6/10 chains saved on local rank 0.Saving /home/drigoni/repository/ConStruct-Thesis/ConStruct/chains/epoch34/batch50_GR0/molecule_55_0.gif to wandb
wandb: WARNING `fps` argument does not affect the frame rate of the video when providing a file path or raw bytes.
7/10 chains saved on local rank 0.Saving /home/drigoni/repository/ConStruct-Thesis/ConStruct/chains/epoch34/batch50_GR0/molecule_56_0.gif to wandb
wandb: WARNING `fps` argument does not affect the frame rate of the video when providing a file path or raw bytes.
8/10 chains saved on local rank 0.Saving /home/drigoni/repository/ConStruct-Thesis/ConStruct/chains/epoch34/batch50_GR0/molecule_57_0.gif to wandb
wandb: WARNING `fps` argument does not affect the frame rate of the video when providing a file path or raw bytes.
9/10 chains saved on local rank 0.Saving /home/drigoni/repository/ConStruct-Thesis/ConStruct/chains/epoch34/batch50_GR0/molecule_58_0.gif to wandb
wandb: WARNING `fps` argument does not affect the frame rate of the video when providing a file path or raw bytes.
10/10 chains saved on local rank 0.Saving /home/drigoni/repository/ConStruct-Thesis/ConStruct/chains/epoch34/batch50_GR0/molecule_59_0.gif to wandb
wandb: WARNING `fps` argument does not affect the frame rate of the video when providing a file path or raw bytes.
[2026-06-25 15:43:27] Visualizing 50 graphs out of 50
Saving /home/drigoni/repository/ConStruct-Thesis/ConStruct/graphs/qm9_thesis_no_constraint/epoch34_b50/graph_0.png to wandb
Saving /home/drigoni/repository/ConStruct-Thesis/ConStruct/graphs/qm9_thesis_no_constraint/epoch34_b50/graph_1.png to wandb
Saving /home/drigoni/repository/ConStruct-Thesis/ConStruct/graphs/qm9_thesis_no_constraint/epoch34_b50/graph_2.png to wandb
[2026-06-25 15:43:28] Done.
[2026-06-25 15:43:28] Sampling a batch with 206 graphs on local rank 0. Saving 0 visualization and 0 full chains.
[2026-06-25 15:43:53] Done.
[2026-06-25 15:43:53] Sampled 2 batches on local rank 0. Sampling took 76.61 seconds

[2026-06-25 15:43:53] Computing sampling metrics on 0...
Error messages: AtomValence 3, Kekulize 0, other 0,  -- No error 253
Traceback (most recent call last):
  File "/home/drigoni/Programs/miniconda/envs/construct/lib/python3.10/multiprocessing/util.py", line 300, in _run_finalizers
    finalizer()
  File "/home/drigoni/Programs/miniconda/envs/construct/lib/python3.10/multiprocessing/util.py", line 224, in __call__
    res = self._callback(*self._args, **self._kwargs)
  File "/home/drigoni/Programs/miniconda/envs/construct/lib/python3.10/multiprocessing/util.py", line 133, in _remove_temp_dir
    rmtree(tempdir)
  File "/home/drigoni/Programs/miniconda/envs/construct/lib/python3.10/shutil.py", line 725, in rmtree
    _rmtree_safe_fd(fd, path, onerror)
  File "/home/drigoni/Programs/miniconda/envs/construct/lib/python3.10/shutil.py", line 681, in _rmtree_safe_fd
    onerror(os.unlink, fullname, sys.exc_info())
  File "/home/drigoni/Programs/miniconda/envs/construct/lib/python3.10/shutil.py", line 679, in _rmtree_safe_fd
    os.unlink(entry.name, dir_fd=topfd)
OSError: [Errno 16] Device or resource busy: '.nfs0000000015504d4c00001c2d'
Some generated smiles: Cc1cocc1C(C)C C#Cc1cc(CO)co1 NC(=O)C1=C(N)[CH+][CH+]O1 CC1C2C(C=O)C2[NH+]1C CC(C=O)C(=O)NCO CCC1CCCCC1O N#CC1OC1C(N)NO O=CC1CC([NH+]2CC2)N1 OC12COCC1COC2 O=C1C(O)CC2(O)CC12

================================================================================
📊 CONSTRAINT SATISFACTION RESULTS
================================================================================

📋 **Definitions**:
• **FCD** — Fréchet ChemNet Distance computed on valid canonical SMILES; lower is better
• **Unique/Novel/Valid** — proportions computed over all generated molecules (not only valid)
• **Disconnected** — share of graphs with >1 connected component
• **Property satisfied** — share of generated graphs meeting the enforced structural constraint
• **V.U.N.** — product of Valid × Unique × Novel (in [0,100]%)

🔍 **LOGGING TO WANDB**:
============================================================
  val_sampling/NumNodesW1: 0.035539429634809494
  val_sampling/NodeTypesTV: 0.04171505570411682
  val_sampling/EdgeTypesTV: 0.06427502632141113
  val_sampling/Disconnected: 0.78125
  val_sampling/MeanComponents: 1.0078125
  val_sampling/MaxComponents: 2.0
  val_sampling/planarity: 0.99609375
  val_sampling/no_cycles: 0.140625
  val_sampling/lobster_components: 0.140625
  val_sampling/generated_deg_hist: <wandb.sdk.data_types.histogram.Histogram object at 0x7f075354a560>
  val_sampling/diff_deg_hist: <wandb.sdk.data_types.histogram.Histogram object at 0x7f0753546e60>
  val_sampling/abs_diff_deg_hist: <wandb.sdk.data_types.histogram.Histogram object at 0x7f0753546710>
  val_sampling/Validity: 98.828125
  val_sampling/Uniqueness: 100.0
  val_sampling/Novelty: 91.30434989929199
  val_sampling/fcd score: 2.644117048238904
============================================================


🎯 CORE METRICS:
================================================================================
qm9_thesis_no_constraint — VAL — QM9
Constraint: No structural constraint · N=256 · diffusion_steps=500 · sampler=reverse

+-------------------------+--------------------+
| Metric                  | Value                |
+-------------------------+--------------------+
| Molecules generated (N) | 256                  |
| FCD                     | 2.644                |
| Unique (%)              | 100.0%               |
| Novel (%)               | 91.3043%             |
| Valid (%)               | 98.8281%             |
| Disconnected (%)        | 78.125%              |
| Property satisfied (%)  | —                    |
| V.U.N. (%)              | 90.2344%             |
+-------------------------+--------------------+


🏗️ STRUCTURAL CONSTRAINT SATISFACTION:
================================================================================
qm9_thesis_no_constraint — VAL — QM9 — Structural
Constraint: No structural constraint · N=256 · diffusion_steps=500 · sampler=reverse

+---------------------------+--------------------------+
| Metric                    | Value                      |
+---------------------------+--------------------------+
| Constraint                | No structural constraint   |
| Ring count 0 (%)          | 14.0625%                   |
| Ring count 1 (%)          | 34.375%                    |
| Ring count 2 (%)          | 7.4219%                    |
| Ring count 3 (%)          | 23.4375%                   |
| Ring count 4 (%)          | 1.1719%                    |
| Ring count 5 (%)          | 0.0%                       |
| Ring count 6 (%)          | 8.5938%                    |
| Ring count 7 (%)          | 7.4219%                    |
| Ring count 8 (%)          | 0.0%                       |
| Ring count 9+ (%)         | 3.5156%                    |
| Acyclic (max len 0) (%)   | 14.0625%                   |
| Ring length 3 (max) (%)   | 8.5938%                    |
| Ring length 4 (max) (%)   | 7.8125%                    |
| Ring length 5 (max) (%)   | 25.7812%                   |
| Ring length 6 (max) (%)   | 20.7031%                   |
| Ring length 7 (max) (%)   | 12.5%                      |
| Ring length 8 (max) (%)   | 8.9844%                    |
| Ring length 9 (max) (%)   | 1.5625%                    |
| Ring length 10 (max) (%)  | 0.0%                       |
| Ring length 11 (max) (%)  | 0.0%                       |
| Ring length 12 (max) (%)  | 0.0%                       |
| Ring length >12 (max) (%) | 0.0%                       |
+---------------------------+--------------------------+


⏱️ TIMING METRICS:
================================================================================
qm9_thesis_no_constraint — VAL — QM9 — Timing
Constraint: No structural constraint · N=256 · diffusion_steps=500 · sampler=reverse

+---------------------------------+--------------------------------------------------+
| Metric                          | Value                                              |
+---------------------------------+--------------------------------------------------+
| Sampling time (s) for N         | 76.57 for N=256                                    |
| Per-graph sampling time (ms)    | 299.1                                              |
| Sampling batches                | 2                                                  |
| Projector mean time (ms)        | 0.0 (no projection)                                |
| Projector share of sampling (%) | 0.0% (no projection)                               |
| Wall-clock elapsed (hh:mm)      | 00:58                                              |
| Environment                     | gpu=Tesla V100-FHHL-16GB, torch=2.12.1+cu126, ...  |
+---------------------------------+--------------------------------------------------+


🧪 CHEMISTRY METRICS:
================================================================================
qm9_thesis_no_constraint — VAL — QM9 — Chemistry
Constraint: No structural constraint · N=256 · diffusion_steps=500 · sampler=reverse

+---------------------------------+--------------------+
| Metric                          | Value                |
+---------------------------------+--------------------+
| Valid molecules used (chem)     | 253                  |
| Molecular weight (Da) mean ± sd | 123.3 ± 7.8          |
| Heavy atoms mean ± sd           | 8.8 ± 0.5            |
| Atom composition % (C/N/O/F)    | 70.4/12.5/16.9/0.2   |
+---------------------------------+--------------------+

[VIOLATION TRACKING] Detected constraint: None, value: None
[VIOLATION TRACKING] Enforced constraint: None
[VIOLATION TRACKING] Tracking violations for: []
[VIOLATION TRACKING] Ignoring violations for: ['ring_count', 'ring_length', 'planarity']
[VIOLATIONS] Summary saved to violation_summary_rank0_20260625_154357.txt
Sampling metrics {'val_sampling/NumNodesW1': 0.036, 'val_sampling/NodeTypesTV': 0.042, 'val_sampling/EdgeTypesTV': 0.064, 'val_sampling/Disconnected': 0.781, 'val_sampling/MeanComponents': 1.008, 'val_sampling/MaxComponents': 2.0, 'val_sampling/planarity': 0.996, 'val_sampling/no_cycles': 0.141, 'val_sampling/lobster_components': 0.141, 'val_sampling/generated_deg_hist': [0.0, 0.241, 0.435, 0.269, 0.054, 0.0, 0.0, 0.0, 0.0], 'val_sampling/diff_deg_hist': [0.0, 0.0, 0.003, -0.003, -0.0, -0.0, 0.0, 0.0, 0.0], 'val_sampling/abs_diff_deg_hist': [0.0, 0.0, 0.003, 0.003, 0.0, 0.0, 0.0, 0.0, 0.0], 'val_sampling/Validity': 98.828, 'val_sampling/Uniqueness': 100.0, 'val_sampling/Novelty': 91.304, 'val_sampling/fcd score': 2.644, 'val_sampling/ChargeW1': 0.004, 'val_sampling/ValencyW1': 0.031, 'val_ratio/fcd score': 3.008, 'val_ratio/average': 3.008}
Val epoch 34 ends
Train epoch 34 ends
Epoch 34 finished: X: 0.46 -- charges: 0.08 -- E: 0.38 -- y: -1.00 -- 187.9s 
Epoch 34: {'CarbonCE': 0.358, 'NitroCE': 0.212, 'OxyCE': 0.26, 'FluorCE': 0.009} -- {'NoBondCE': 0.321, 'SingleCE': 0.3, 'DoubleCE': 0.059, 'TripleCE': 0.021, 'AromaticCE': 0.0}
Starting epoch 35
Train epoch 35 ends
Epoch 35 finished: X: 0.46 -- charges: 0.08 -- E: 0.38 -- y: -1.00 -- 96.7s 
Epoch 35: {'CarbonCE': 0.358, 'NitroCE': 0.212, 'OxyCE': 0.26, 'FluorCE': 0.009} -- {'NoBondCE': 0.322, 'SingleCE': 0.301, 'DoubleCE': 0.059, 'TripleCE': 0.021, 'AromaticCE': 0.0}
Starting epoch 36
Train epoch 36 ends
Epoch 36 finished: X: 0.47 -- charges: 0.08 -- E: 0.38 -- y: -1.00 -- 94.7s 
Epoch 36: {'CarbonCE': 0.359, 'NitroCE': 0.213, 'OxyCE': 0.261, 'FluorCE': 0.009} -- {'NoBondCE': 0.323, 'SingleCE': 0.302, 'DoubleCE': 0.059, 'TripleCE': 0.021, 'AromaticCE': 0.0}
Starting epoch 37
Train epoch 37 ends
Epoch 37 finished: X: 0.46 -- charges: 0.08 -- E: 0.38 -- y: -1.00 -- 94.2s 
Epoch 37: {'CarbonCE': 0.359, 'NitroCE': 0.212, 'OxyCE': 0.26, 'FluorCE': 0.009} -- {'NoBondCE': 0.322, 'SingleCE': 0.301, 'DoubleCE': 0.059, 'TripleCE': 0.021, 'AromaticCE': 0.0}
Starting epoch 38
Train epoch 38 ends
Epoch 38 finished: X: 0.46 -- charges: 0.08 -- E: 0.38 -- y: -1.00 -- 96.1s 
Epoch 38: {'CarbonCE': 0.358, 'NitroCE': 0.212, 'OxyCE': 0.26, 'FluorCE': 0.009} -- {'NoBondCE': 0.322, 'SingleCE': 0.302, 'DoubleCE': 0.059, 'TripleCE': 0.021, 'AromaticCE': 0.0}
Starting epoch 39
Epoch 39: val/epoch_NLL: 67.63 -- val/X_kl: 3.09 -- val/E_kl: 63.36 -- val/charges_kl: 0.62 
Val loss: 67.6257 	 Best val loss:  67.6257

Val epoch 39 ends
Metric val/epoch_NLL improved by 0.802 >= min_delta = 0.0001. New best score: 67.626
Train epoch 39 ends
Epoch 39 finished: X: 0.46 -- charges: 0.08 -- E: 0.38 -- y: -1.00 -- 106.9s 
Epoch 39: {'CarbonCE': 0.358, 'NitroCE': 0.212, 'OxyCE': 0.259, 'FluorCE': 0.008} -- {'NoBondCE': 0.321, 'SingleCE': 0.3, 'DoubleCE': 0.059, 'TripleCE': 0.021, 'AromaticCE': 0.0}
Starting epoch 40
Train epoch 40 ends
Epoch 40 finished: X: 0.46 -- charges: 0.08 -- E: 0.38 -- y: -1.00 -- 95.1s 
Epoch 40: {'CarbonCE': 0.358, 'NitroCE': 0.212, 'OxyCE': 0.26, 'FluorCE': 0.009} -- {'NoBondCE': 0.322, 'SingleCE': 0.301, 'DoubleCE': 0.059, 'TripleCE': 0.021, 'AromaticCE': 0.0}
Starting epoch 41
Train epoch 41 ends
Epoch 41 finished: X: 0.47 -- charges: 0.08 -- E: 0.38 -- y: -1.00 -- 96.2s 
Epoch 41: {'CarbonCE': 0.359, 'NitroCE': 0.213, 'OxyCE': 0.261, 'FluorCE': 0.009} -- {'NoBondCE': 0.323, 'SingleCE': 0.302, 'DoubleCE': 0.059, 'TripleCE': 0.021, 'AromaticCE': 0.0}
Starting epoch 42
Train epoch 42 ends
Epoch 42 finished: X: 0.46 -- charges: 0.08 -- E: 0.38 -- y: -1.00 -- 94.3s 
Epoch 42: {'CarbonCE': 0.358, 'NitroCE': 0.212, 'OxyCE': 0.259, 'FluorCE': 0.009} -- {'NoBondCE': 0.321, 'SingleCE': 0.3, 'DoubleCE': 0.059, 'TripleCE': 0.021, 'AromaticCE': 0.0}
Starting epoch 43
Train epoch 43 ends
Epoch 43 finished: X: 0.47 -- charges: 0.08 -- E: 0.38 -- y: -1.00 -- 95.3s 
Epoch 43: {'CarbonCE': 0.359, 'NitroCE': 0.213, 'OxyCE': 0.261, 'FluorCE': 0.009} -- {'NoBondCE': 0.322, 'SingleCE': 0.301, 'DoubleCE': 0.058, 'TripleCE': 0.021, 'AromaticCE': 0.0}
Starting epoch 44
Epoch 44: val/epoch_NLL: 68.28 -- val/X_kl: 3.10 -- val/E_kl: 64.02 -- val/charges_kl: 0.60 
Val loss: 68.2805 	 Best val loss:  67.6257

Val epoch 44 ends
Train epoch 44 ends
Epoch 44 finished: X: 0.46 -- charges: 0.08 -- E: 0.38 -- y: -1.00 -- 108.3s 
Epoch 44: {'CarbonCE': 0.357, 'NitroCE': 0.212, 'OxyCE': 0.26, 'FluorCE': 0.008} -- {'NoBondCE': 0.321, 'SingleCE': 0.3, 'DoubleCE': 0.059, 'TripleCE': 0.021, 'AromaticCE': 0.0}
Starting epoch 45
Train epoch 45 ends
Epoch 45 finished: X: 0.47 -- charges: 0.08 -- E: 0.38 -- y: -1.00 -- 95.8s 
Epoch 45: {'CarbonCE': 0.359, 'NitroCE': 0.213, 'OxyCE': 0.261, 'FluorCE': 0.009} -- {'NoBondCE': 0.322, 'SingleCE': 0.301, 'DoubleCE': 0.059, 'TripleCE': 0.021, 'AromaticCE': 0.0}
Starting epoch 46
Train epoch 46 ends
Epoch 46 finished: X: 0.47 -- charges: 0.08 -- E: 0.38 -- y: -1.00 -- 95.6s 
Epoch 46: {'CarbonCE': 0.359, 'NitroCE': 0.213, 'OxyCE': 0.26, 'FluorCE': 0.009} -- {'NoBondCE': 0.322, 'SingleCE': 0.301, 'DoubleCE': 0.059, 'TripleCE': 0.021, 'AromaticCE': 0.0}
Starting epoch 47
Train epoch 47 ends
Epoch 47 finished: X: 0.46 -- charges: 0.08 -- E: 0.38 -- y: -1.00 -- 97.7s 
Epoch 47: {'CarbonCE': 0.358, 'NitroCE': 0.212, 'OxyCE': 0.259, 'FluorCE': 0.009} -- {'NoBondCE': 0.321, 'SingleCE': 0.3, 'DoubleCE': 0.059, 'TripleCE': 0.021, 'AromaticCE': 0.0}
Starting epoch 48
Train epoch 48 ends
Epoch 48 finished: X: 0.46 -- charges: 0.08 -- E: 0.37 -- y: -1.00 -- 94.9s 
Epoch 48: {'CarbonCE': 0.357, 'NitroCE': 0.211, 'OxyCE': 0.259, 'FluorCE': 0.009} -- {'NoBondCE': 0.32, 'SingleCE': 0.299, 'DoubleCE': 0.058, 'TripleCE': 0.021, 'AromaticCE': 0.0}
Starting epoch 49
Epoch 49: val/epoch_NLL: 68.80 -- val/X_kl: 3.08 -- val/E_kl: 64.56 -- val/charges_kl: 0.61 
Val loss: 68.7985 	 Best val loss:  67.6257

Val epoch 49 ends
Train epoch 49 ends
Epoch 49 finished: X: 0.46 -- charges: 0.08 -- E: 0.38 -- y: -1.00 -- 106.3s 
Epoch 49: {'CarbonCE': 0.359, 'NitroCE': 0.212, 'OxyCE': 0.261, 'FluorCE': 0.009} -- {'NoBondCE': 0.321, 'SingleCE': 0.3, 'DoubleCE': 0.059, 'TripleCE': 0.021, 'AromaticCE': 0.0}
Starting epoch 50
Train epoch 50 ends
Epoch 50 finished: X: 0.46 -- charges: 0.08 -- E: 0.37 -- y: -1.00 -- 95.3s 
Epoch 50: {'CarbonCE': 0.356, 'NitroCE': 0.211, 'OxyCE': 0.258, 'FluorCE': 0.009} -- {'NoBondCE': 0.32, 'SingleCE': 0.299, 'DoubleCE': 0.058, 'TripleCE': 0.021, 'AromaticCE': 0.0}
Starting epoch 51
Train epoch 51 ends
Epoch 51 finished: X: 0.46 -- charges: 0.08 -- E: 0.38 -- y: -1.00 -- 96.0s 
Epoch 51: {'CarbonCE': 0.358, 'NitroCE': 0.212, 'OxyCE': 0.26, 'FluorCE': 0.009} -- {'NoBondCE': 0.321, 'SingleCE': 0.3, 'DoubleCE': 0.059, 'TripleCE': 0.021, 'AromaticCE': 0.0}
Starting epoch 52
Train epoch 52 ends
Epoch 52 finished: X: 0.46 -- charges: 0.08 -- E: 0.38 -- y: -1.00 -- 96.2s 
Epoch 52: {'CarbonCE': 0.357, 'NitroCE': 0.212, 'OxyCE': 0.259, 'FluorCE': 0.009} -- {'NoBondCE': 0.321, 'SingleCE': 0.3, 'DoubleCE': 0.058, 'TripleCE': 0.021, 'AromaticCE': 0.0}
Starting epoch 53
Train epoch 53 ends
Epoch 53 finished: X: 0.46 -- charges: 0.08 -- E: 0.38 -- y: -1.00 -- 95.2s 
Epoch 53: {'CarbonCE': 0.358, 'NitroCE': 0.212, 'OxyCE': 0.26, 'FluorCE': 0.009} -- {'NoBondCE': 0.321, 'SingleCE': 0.3, 'DoubleCE': 0.059, 'TripleCE': 0.021, 'AromaticCE': 0.0}
Starting epoch 54
Epoch 54: val/epoch_NLL: 71.41 -- val/X_kl: 3.14 -- val/E_kl: 67.12 -- val/charges_kl: 0.61 
Val loss: 71.4129 	 Best val loss:  67.6257

Val epoch 54 ends
Train epoch 54 ends
Epoch 54 finished: X: 0.46 -- charges: 0.08 -- E: 0.37 -- y: -1.00 -- 106.6s 
Epoch 54: {'CarbonCE': 0.357, 'NitroCE': 0.212, 'OxyCE': 0.259, 'FluorCE': 0.009} -- {'NoBondCE': 0.32, 'SingleCE': 0.299, 'DoubleCE': 0.058, 'TripleCE': 0.021, 'AromaticCE': 0.0}
Starting epoch 55
Train epoch 55 ends
Epoch 55 finished: X: 0.46 -- charges: 0.08 -- E: 0.37 -- y: -1.00 -- 97.1s 
Epoch 55: {'CarbonCE': 0.357, 'NitroCE': 0.212, 'OxyCE': 0.258, 'FluorCE': 0.009} -- {'NoBondCE': 0.32, 'SingleCE': 0.299, 'DoubleCE': 0.058, 'TripleCE': 0.021, 'AromaticCE': 0.0}
Starting epoch 56
Train epoch 56 ends
Epoch 56 finished: X: 0.46 -- charges: 0.08 -- E: 0.37 -- y: -1.00 -- 91.5s 
Epoch 56: {'CarbonCE': 0.357, 'NitroCE': 0.212, 'OxyCE': 0.259, 'FluorCE': 0.009} -- {'NoBondCE': 0.32, 'SingleCE': 0.299, 'DoubleCE': 0.059, 'TripleCE': 0.021, 'AromaticCE': 0.0}
Starting epoch 57
Train epoch 57 ends
Epoch 57 finished: X: 0.46 -- charges: 0.08 -- E: 0.37 -- y: -1.00 -- 93.4s 
Epoch 57: {'CarbonCE': 0.357, 'NitroCE': 0.212, 'OxyCE': 0.259, 'FluorCE': 0.009} -- {'NoBondCE': 0.32, 'SingleCE': 0.299, 'DoubleCE': 0.058, 'TripleCE': 0.021, 'AromaticCE': 0.0}
Starting epoch 58
Train epoch 58 ends
Epoch 58 finished: X: 0.46 -- charges: 0.08 -- E: 0.37 -- y: -1.00 -- 96.4s 
Epoch 58: {'CarbonCE': 0.358, 'NitroCE': 0.211, 'OxyCE': 0.26, 'FluorCE': 0.009} -- {'NoBondCE': 0.32, 'SingleCE': 0.299, 'DoubleCE': 0.059, 'TripleCE': 0.021, 'AromaticCE': 0.0}
Starting epoch 59
Epoch 59: val/epoch_NLL: 70.46 -- val/X_kl: 3.05 -- val/E_kl: 66.27 -- val/charges_kl: 0.58 
Val loss: 70.4602 	 Best val loss:  67.6257

Val epoch 59 ends
Train epoch 59 ends
Epoch 59 finished: X: 0.46 -- charges: 0.08 -- E: 0.37 -- y: -1.00 -- 105.9s 
Epoch 59: {'CarbonCE': 0.357, 'NitroCE': 0.212, 'OxyCE': 0.259, 'FluorCE': 0.009} -- {'NoBondCE': 0.32, 'SingleCE': 0.299, 'DoubleCE': 0.059, 'TripleCE': 0.021, 'AromaticCE': 0.0}
Starting epoch 60
Train epoch 60 ends
Epoch 60 finished: X: 0.46 -- charges: 0.08 -- E: 0.37 -- y: -1.00 -- 94.5s 
Epoch 60: {'CarbonCE': 0.357, 'NitroCE': 0.212, 'OxyCE': 0.259, 'FluorCE': 0.009} -- {'NoBondCE': 0.32, 'SingleCE': 0.299, 'DoubleCE': 0.059, 'TripleCE': 0.021, 'AromaticCE': 0.0}
Starting epoch 61
Train epoch 61 ends
Epoch 61 finished: X: 0.46 -- charges: 0.08 -- E: 0.37 -- y: -1.00 -- 98.1s 
Epoch 61: {'CarbonCE': 0.357, 'NitroCE': 0.212, 'OxyCE': 0.259, 'FluorCE': 0.009} -- {'NoBondCE': 0.319, 'SingleCE': 0.299, 'DoubleCE': 0.059, 'TripleCE': 0.021, 'AromaticCE': 0.0}
Starting epoch 62
Train epoch 62 ends
Epoch 62 finished: X: 0.46 -- charges: 0.08 -- E: 0.37 -- y: -1.00 -- 95.3s 
Epoch 62: {'CarbonCE': 0.358, 'NitroCE': 0.212, 'OxyCE': 0.259, 'FluorCE': 0.009} -- {'NoBondCE': 0.32, 'SingleCE': 0.299, 'DoubleCE': 0.058, 'TripleCE': 0.021, 'AromaticCE': 0.0}
Starting epoch 63
Train epoch 63 ends
Epoch 63 finished: X: 0.46 -- charges: 0.08 -- E: 0.37 -- y: -1.00 -- 94.1s 
Epoch 63: {'CarbonCE': 0.358, 'NitroCE': 0.212, 'OxyCE': 0.26, 'FluorCE': 0.008} -- {'NoBondCE': 0.321, 'SingleCE': 0.3, 'DoubleCE': 0.058, 'TripleCE': 0.021, 'AromaticCE': 0.0}
Starting epoch 64
Epoch 64: val/epoch_NLL: 69.46 -- val/X_kl: 3.10 -- val/E_kl: 65.19 -- val/charges_kl: 0.60 
Val loss: 69.4550 	 Best val loss:  67.6257

Val epoch 64 ends
Train epoch 64 ends
Epoch 64 finished: X: 0.46 -- charges: 0.08 -- E: 0.37 -- y: -1.00 -- 107.2s 
Epoch 64: {'CarbonCE': 0.357, 'NitroCE': 0.212, 'OxyCE': 0.259, 'FluorCE': 0.009} -- {'NoBondCE': 0.32, 'SingleCE': 0.299, 'DoubleCE': 0.059, 'TripleCE': 0.021, 'AromaticCE': 0.0}
Starting epoch 65
Train epoch 65 ends
Epoch 65 finished: X: 0.46 -- charges: 0.08 -- E: 0.37 -- y: -1.00 -- 95.0s 
Epoch 65: {'CarbonCE': 0.357, 'NitroCE': 0.212, 'OxyCE': 0.259, 'FluorCE': 0.009} -- {'NoBondCE': 0.319, 'SingleCE': 0.299, 'DoubleCE': 0.058, 'TripleCE': 0.021, 'AromaticCE': 0.0}
Starting epoch 66
Train epoch 66 ends
Epoch 66 finished: X: 0.46 -- charges: 0.08 -- E: 0.37 -- y: -1.00 -- 95.7s 
Epoch 66: {'CarbonCE': 0.357, 'NitroCE': 0.211, 'OxyCE': 0.26, 'FluorCE': 0.009} -- {'NoBondCE': 0.32, 'SingleCE': 0.299, 'DoubleCE': 0.058, 'TripleCE': 0.021, 'AromaticCE': 0.0}
Starting epoch 67
Train epoch 67 ends
Epoch 67 finished: X: 0.46 -- charges: 0.08 -- E: 0.37 -- y: -1.00 -- 95.5s 
Epoch 67: {'CarbonCE': 0.358, 'NitroCE': 0.212, 'OxyCE': 0.259, 'FluorCE': 0.008} -- {'NoBondCE': 0.319, 'SingleCE': 0.298, 'DoubleCE': 0.058, 'TripleCE': 0.021, 'AromaticCE': 0.0}
Starting epoch 68
Train epoch 68 ends
Epoch 68 finished: X: 0.46 -- charges: 0.08 -- E: 0.37 -- y: -1.00 -- 92.4s 
Epoch 68: {'CarbonCE': 0.358, 'NitroCE': 0.212, 'OxyCE': 0.259, 'FluorCE': 0.008} -- {'NoBondCE': 0.32, 'SingleCE': 0.299, 'DoubleCE': 0.058, 'TripleCE': 0.021, 'AromaticCE': 0.0}
Starting epoch 69
Epoch 69: val/epoch_NLL: 69.06 -- val/X_kl: 3.11 -- val/E_kl: 64.82 -- val/charges_kl: 0.59 
Val loss: 69.0584 	 Best val loss:  67.6257

Val epoch 69 ends
Train epoch 69 ends
Epoch 69 finished: X: 0.46 -- charges: 0.08 -- E: 0.37 -- y: -1.00 -- 107.9s 
Epoch 69: {'CarbonCE': 0.357, 'NitroCE': 0.212, 'OxyCE': 0.258, 'FluorCE': 0.009} -- {'NoBondCE': 0.319, 'SingleCE': 0.299, 'DoubleCE': 0.059, 'TripleCE': 0.021, 'AromaticCE': 0.0}
Starting epoch 70
Train epoch 70 ends
Epoch 70 finished: X: 0.46 -- charges: 0.08 -- E: 0.37 -- y: -1.00 -- 95.6s 
Epoch 70: {'CarbonCE': 0.357, 'NitroCE': 0.211, 'OxyCE': 0.259, 'FluorCE': 0.009} -- {'NoBondCE': 0.319, 'SingleCE': 0.298, 'DoubleCE': 0.059, 'TripleCE': 0.021, 'AromaticCE': 0.0}
Starting epoch 71
Train epoch 71 ends
Epoch 71 finished: X: 0.46 -- charges: 0.08 -- E: 0.37 -- y: -1.00 -- 94.7s 
Epoch 71: {'CarbonCE': 0.357, 'NitroCE': 0.212, 'OxyCE': 0.258, 'FluorCE': 0.009} -- {'NoBondCE': 0.319, 'SingleCE': 0.298, 'DoubleCE': 0.058, 'TripleCE': 0.021, 'AromaticCE': 0.0}
Starting epoch 72
Train epoch 72 ends
Epoch 72 finished: X: 0.46 -- charges: 0.08 -- E: 0.37 -- y: -1.00 -- 95.7s 
Epoch 72: {'CarbonCE': 0.356, 'NitroCE': 0.211, 'OxyCE': 0.258, 'FluorCE': 0.009} -- {'NoBondCE': 0.318, 'SingleCE': 0.298, 'DoubleCE': 0.058, 'TripleCE': 0.021, 'AromaticCE': 0.0}
Starting epoch 73
Train epoch 73 ends
Epoch 73 finished: X: 0.46 -- charges: 0.08 -- E: 0.37 -- y: -1.00 -- 95.8s 
Epoch 73: {'CarbonCE': 0.356, 'NitroCE': 0.211, 'OxyCE': 0.259, 'FluorCE': 0.009} -- {'NoBondCE': 0.318, 'SingleCE': 0.298, 'DoubleCE': 0.058, 'TripleCE': 0.021, 'AromaticCE': 0.0}
Starting epoch 74
Epoch 74: val/epoch_NLL: 69.26 -- val/X_kl: 3.13 -- val/E_kl: 64.97 -- val/charges_kl: 0.60 
Val loss: 69.2564 	 Best val loss:  67.6257

[2026-06-25 16:49:07] Sampling start
[2026-06-25 16:49:07] Sampling a batch with 50 graphs on local rank 0. Saving 50 visualization and 10 full chains.
[2026-06-25 16:49:27] Batch sampled. Visualizing chains starts!
1/10 chains saved on local rank 0.Saving /home/drigoni/repository/ConStruct-Thesis/ConStruct/chains/epoch74/batch50_GR0/molecule_50_0.gif to wandb
wandb: WARNING `fps` argument does not affect the frame rate of the video when providing a file path or raw bytes.
2/10 chains saved on local rank 0.Saving /home/drigoni/repository/ConStruct-Thesis/ConStruct/chains/epoch74/batch50_GR0/molecule_51_0.gif to wandb
wandb: WARNING `fps` argument does not affect the frame rate of the video when providing a file path or raw bytes.
3/10 chains saved on local rank 0.Saving /home/drigoni/repository/ConStruct-Thesis/ConStruct/chains/epoch74/batch50_GR0/molecule_52_0.gif to wandb
wandb: WARNING `fps` argument does not affect the frame rate of the video when providing a file path or raw bytes.
4/10 chains saved on local rank 0.Saving /home/drigoni/repository/ConStruct-Thesis/ConStruct/chains/epoch74/batch50_GR0/molecule_53_0.gif to wandb
wandb: WARNING `fps` argument does not affect the frame rate of the video when providing a file path or raw bytes.
5/10 chains saved on local rank 0.Saving /home/drigoni/repository/ConStruct-Thesis/ConStruct/chains/epoch74/batch50_GR0/molecule_54_0.gif to wandb
wandb: WARNING `fps` argument does not affect the frame rate of the video when providing a file path or raw bytes.
6/10 chains saved on local rank 0.Saving /home/drigoni/repository/ConStruct-Thesis/ConStruct/chains/epoch74/batch50_GR0/molecule_55_0.gif to wandb
wandb: WARNING `fps` argument does not affect the frame rate of the video when providing a file path or raw bytes.
7/10 chains saved on local rank 0.Saving /home/drigoni/repository/ConStruct-Thesis/ConStruct/chains/epoch74/batch50_GR0/molecule_56_0.gif to wandb
wandb: WARNING `fps` argument does not affect the frame rate of the video when providing a file path or raw bytes.
8/10 chains saved on local rank 0.Saving /home/drigoni/repository/ConStruct-Thesis/ConStruct/chains/epoch74/batch50_GR0/molecule_57_0.gif to wandb
wandb: WARNING `fps` argument does not affect the frame rate of the video when providing a file path or raw bytes.
9/10 chains saved on local rank 0.Saving /home/drigoni/repository/ConStruct-Thesis/ConStruct/chains/epoch74/batch50_GR0/molecule_58_0.gif to wandb
wandb: WARNING `fps` argument does not affect the frame rate of the video when providing a file path or raw bytes.
10/10 chains saved on local rank 0.Saving /home/drigoni/repository/ConStruct-Thesis/ConStruct/chains/epoch74/batch50_GR0/molecule_59_0.gif to wandb
wandb: WARNING `fps` argument does not affect the frame rate of the video when providing a file path or raw bytes.
[2026-06-25 16:49:56] Visualizing 50 graphs out of 50
Saving /home/drigoni/repository/ConStruct-Thesis/ConStruct/graphs/qm9_thesis_no_constraint/epoch74_b50/graph_0.png to wandb
Saving /home/drigoni/repository/ConStruct-Thesis/ConStruct/graphs/qm9_thesis_no_constraint/epoch74_b50/graph_1.png to wandb
Saving /home/drigoni/repository/ConStruct-Thesis/ConStruct/graphs/qm9_thesis_no_constraint/epoch74_b50/graph_2.png to wandb
[2026-06-25 16:49:57] Done.
[2026-06-25 16:49:57] Sampling a batch with 206 graphs on local rank 0. Saving 0 visualization and 0 full chains.
[2026-06-25 16:50:22] Done.
[2026-06-25 16:50:22] Sampled 2 batches on local rank 0. Sampling took 75.31 seconds

[2026-06-25 16:50:22] Computing sampling metrics on 0...
Error messages: AtomValence 4, Kekulize 0, other 0,  -- No error 252
Traceback (most recent call last):
  File "/home/drigoni/Programs/miniconda/envs/construct/lib/python3.10/multiprocessing/util.py", line 300, in _run_finalizers
    finalizer()
  File "/home/drigoni/Programs/miniconda/envs/construct/lib/python3.10/multiprocessing/util.py", line 224, in __call__
    res = self._callback(*self._args, **self._kwargs)
  File "/home/drigoni/Programs/miniconda/envs/construct/lib/python3.10/multiprocessing/util.py", line 133, in _remove_temp_dir
    rmtree(tempdir)
  File "/home/drigoni/Programs/miniconda/envs/construct/lib/python3.10/shutil.py", line 725, in rmtree
    _rmtree_safe_fd(fd, path, onerror)
  File "/home/drigoni/Programs/miniconda/envs/construct/lib/python3.10/shutil.py", line 681, in _rmtree_safe_fd
    onerror(os.unlink, fullname, sys.exc_info())
  File "/home/drigoni/Programs/miniconda/envs/construct/lib/python3.10/shutil.py", line 679, in _rmtree_safe_fd
    os.unlink(entry.name, dir_fd=topfd)
OSError: [Errno 16] Device or resource busy: '.nfs00000000155051f400001c2e'
Some generated smiles: CCC1=CCNC1C=O COC1C2CC13CCC23 C1CC1CC12CCC1C2 COC1C(=O)C2COC21 O=C1CCC2C34OC23C14 Cc1onc2ocnc12 CC12CCC1CO2 CC(=O)CNC(C)C#N CC(O)C(=O)C(N)=O CC(O)C12CCCC1N2

================================================================================
📊 CONSTRAINT SATISFACTION RESULTS
================================================================================

📋 **Definitions**:
• **FCD** — Fréchet ChemNet Distance computed on valid canonical SMILES; lower is better
• **Unique/Novel/Valid** — proportions computed over all generated molecules (not only valid)
• **Disconnected** — share of graphs with >1 connected component
• **Property satisfied** — share of generated graphs meeting the enforced structural constraint
• **V.U.N.** — product of Valid × Unique × Novel (in [0,100]%)

🔍 **LOGGING TO WANDB**:
============================================================
  val_sampling/NumNodesW1: 0.045279134064912796
  val_sampling/NodeTypesTV: 0.06444986164569855
  val_sampling/EdgeTypesTV: 0.06094547361135483
  val_sampling/Disconnected: 2.734375
  val_sampling/MeanComponents: 1.02734375
  val_sampling/MaxComponents: 2.0
  val_sampling/planarity: 0.99609375
  val_sampling/no_cycles: 0.125
  val_sampling/lobster_components: 0.125
  val_sampling/generated_deg_hist: <wandb.sdk.data_types.histogram.Histogram object at 0x7f0727014c40>
  val_sampling/diff_deg_hist: <wandb.sdk.data_types.histogram.Histogram object at 0x7f074cb96a10>
  val_sampling/abs_diff_deg_hist: <wandb.sdk.data_types.histogram.Histogram object at 0x7f074cb951e0>
  val_sampling/Validity: 98.4375
  val_sampling/Uniqueness: 100.0
  val_sampling/Novelty: 92.85714030265808
  val_sampling/fcd score: 2.3728682224257156
============================================================


🎯 CORE METRICS:
================================================================================
qm9_thesis_no_constraint — VAL — QM9
Constraint: No structural constraint · N=256 · diffusion_steps=500 · sampler=reverse

+-------------------------+--------------------+
| Metric                  | Value                |
+-------------------------+--------------------+
| Molecules generated (N) | 256                  |
| FCD                     | 2.373                |
| Unique (%)              | 100.0%               |
| Novel (%)               | 92.8571%             |
| Valid (%)               | 98.4375%             |
| Disconnected (%)        | 2.7344%              |
| Property satisfied (%)  | —                    |
| V.U.N. (%)              | 91.4062%             |
+-------------------------+--------------------+


🏗️ STRUCTURAL CONSTRAINT SATISFACTION:
================================================================================
qm9_thesis_no_constraint — VAL — QM9 — Structural
Constraint: No structural constraint · N=256 · diffusion_steps=500 · sampler=reverse

+---------------------------+--------------------------+
| Metric                    | Value                      |
+---------------------------+--------------------------+
| Constraint                | No structural constraint   |
| Ring count 0 (%)          | 12.5%                      |
| Ring count 1 (%)          | 31.25%                     |
| Ring count 2 (%)          | 7.4219%                    |
| Ring count 3 (%)          | 27.3438%                   |
| Ring count 4 (%)          | 2.3438%                    |
| Ring count 5 (%)          | 0.0%                       |
| Ring count 6 (%)          | 10.5469%                   |
| Ring count 7 (%)          | 3.9062%                    |
| Ring count 8 (%)          | 0.0%                       |
| Ring count 9+ (%)         | 4.6875%                    |
| Acyclic (max len 0) (%)   | 12.5%                      |
| Ring length 3 (max) (%)   | 13.2812%                   |
| Ring length 4 (max) (%)   | 6.6406%                    |
| Ring length 5 (max) (%)   | 21.4844%                   |
| Ring length 6 (max) (%)   | 21.875%                    |
| Ring length 7 (max) (%)   | 13.2812%                   |
| Ring length 8 (max) (%)   | 7.4219%                    |
| Ring length 9 (max) (%)   | 3.5156%                    |
| Ring length 10 (max) (%)  | 0.0%                       |
| Ring length 11 (max) (%)  | 0.0%                       |
| Ring length 12 (max) (%)  | 0.0%                       |
| Ring length >12 (max) (%) | 0.0%                       |
+---------------------------+--------------------------+


⏱️ TIMING METRICS:
================================================================================
qm9_thesis_no_constraint — VAL — QM9 — Timing
Constraint: No structural constraint · N=256 · diffusion_steps=500 · sampler=reverse

+---------------------------------+--------------------------------------------------+
| Metric                          | Value                                              |
+---------------------------------+--------------------------------------------------+
| Sampling time (s) for N         | 151.85 for N=256                                   |
| Per-graph sampling time (ms)    | 593.2                                              |
| Sampling batches                | 4                                                  |
| Projector mean time (ms)        | 0.0 (no projection)                                |
| Projector share of sampling (%) | 0.0% (no projection)                               |
| Wall-clock elapsed (hh:mm)      | 02:04                                              |
| Environment                     | gpu=Tesla V100-FHHL-16GB, torch=2.12.1+cu126, ...  |
+---------------------------------+--------------------------------------------------+


🧪 CHEMISTRY METRICS:
================================================================================
qm9_thesis_no_constraint — VAL — QM9 — Chemistry
Constraint: No structural constraint · N=256 · diffusion_steps=500 · sampler=reverse

+---------------------------------+--------------------+
| Metric                          | Value                |
+---------------------------------+--------------------+
| Valid molecules used (chem)     | 252                  |
| Molecular weight (Da) mean ± sd | 122.7 ± 7.9          |
| Heavy atoms mean ± sd           | 8.8 ± 0.5            |
| Atom composition % (C/N/O/F)    | 74.4/8.5/17.1/0.0    |
+---------------------------------+--------------------+

[VIOLATION TRACKING] Detected constraint: None, value: None
[VIOLATION TRACKING] Enforced constraint: None
[VIOLATION TRACKING] Tracking violations for: []
[VIOLATION TRACKING] Ignoring violations for: ['ring_count', 'ring_length', 'planarity']
[VIOLATIONS] Summary saved to violation_summary_rank0_20260625_165025.txt
Sampling metrics {'val_sampling/NumNodesW1': 0.045, 'val_sampling/NodeTypesTV': 0.064, 'val_sampling/EdgeTypesTV': 0.061, 'val_sampling/Disconnected': 2.734, 'val_sampling/MeanComponents': 1.027, 'val_sampling/MaxComponents': 2.0, 'val_sampling/planarity': 0.996, 'val_sampling/no_cycles': 0.125, 'val_sampling/lobster_components': 0.125, 'val_sampling/generated_deg_hist': [0.001, 0.236, 0.435, 0.263, 0.064, 0.0, 0.0, 0.0, 0.0], 'val_sampling/diff_deg_hist': [0.001, -0.004, 0.003, -0.01, 0.01, -0.0, 0.0, 0.0, 0.0], 'val_sampling/abs_diff_deg_hist': [0.001, 0.004, 0.003, 0.01, 0.01, 0.0, 0.0, 0.0, 0.0], 'val_sampling/Validity': 98.438, 'val_sampling/Uniqueness': 100.0, 'val_sampling/Novelty': 92.857, 'val_sampling/fcd score': 2.373, 'val_sampling/ChargeW1': 0.009, 'val_sampling/ValencyW1': 0.045, 'val_ratio/fcd score': 2.699, 'val_ratio/average': 2.699}
Val epoch 74 ends
Train epoch 74 ends
Epoch 74 finished: X: 0.46 -- charges: 0.08 -- E: 0.37 -- y: -1.00 -- 186.9s 
Epoch 74: {'CarbonCE': 0.355, 'NitroCE': 0.21, 'OxyCE': 0.257, 'FluorCE': 0.009} -- {'NoBondCE': 0.318, 'SingleCE': 0.297, 'DoubleCE': 0.058, 'TripleCE': 0.021, 'AromaticCE': 0.0}
Starting epoch 75
Train epoch 75 ends
Epoch 75 finished: X: 0.46 -- charges: 0.08 -- E: 0.37 -- y: -1.00 -- 95.8s 
Epoch 75: {'CarbonCE': 0.356, 'NitroCE': 0.211, 'OxyCE': 0.258, 'FluorCE': 0.009} -- {'NoBondCE': 0.318, 'SingleCE': 0.298, 'DoubleCE': 0.058, 'TripleCE': 0.021, 'AromaticCE': 0.0}
Starting epoch 76
Train epoch 76 ends
Epoch 76 finished: X: 0.46 -- charges: 0.08 -- E: 0.37 -- y: -1.00 -- 91.6s 
Epoch 76: {'CarbonCE': 0.358, 'NitroCE': 0.212, 'OxyCE': 0.26, 'FluorCE': 0.009} -- {'NoBondCE': 0.319, 'SingleCE': 0.299, 'DoubleCE': 0.059, 'TripleCE': 0.021, 'AromaticCE': 0.0}
Starting epoch 77
Train epoch 77 ends
Epoch 77 finished: X: 0.46 -- charges: 0.08 -- E: 0.37 -- y: -1.00 -- 96.1s 
Epoch 77: {'CarbonCE': 0.357, 'NitroCE': 0.211, 'OxyCE': 0.259, 'FluorCE': 0.009} -- {'NoBondCE': 0.319, 'SingleCE': 0.298, 'DoubleCE': 0.058, 'TripleCE': 0.021, 'AromaticCE': 0.0}
Starting epoch 78
Train epoch 78 ends
Epoch 78 finished: X: 0.46 -- charges: 0.08 -- E: 0.37 -- y: -1.00 -- 96.2s 
Epoch 78: {'CarbonCE': 0.357, 'NitroCE': 0.211, 'OxyCE': 0.259, 'FluorCE': 0.009} -- {'NoBondCE': 0.319, 'SingleCE': 0.299, 'DoubleCE': 0.058, 'TripleCE': 0.021, 'AromaticCE': 0.0}
Starting epoch 79
Epoch 79: val/epoch_NLL: 69.21 -- val/X_kl: 3.09 -- val/E_kl: 64.98 -- val/charges_kl: 0.58 
Val loss: 69.2053 	 Best val loss:  67.6257

Val epoch 79 ends
Train epoch 79 ends
Epoch 79 finished: X: 0.46 -- charges: 0.08 -- E: 0.37 -- y: -1.00 -- 107.9s 
Epoch 79: {'CarbonCE': 0.356, 'NitroCE': 0.211, 'OxyCE': 0.258, 'FluorCE': 0.009} -- {'NoBondCE': 0.318, 'SingleCE': 0.298, 'DoubleCE': 0.058, 'TripleCE': 0.021, 'AromaticCE': 0.0}
Starting epoch 80
Train epoch 80 ends
Epoch 80 finished: X: 0.46 -- charges: 0.08 -- E: 0.37 -- y: -1.00 -- 94.5s 
Epoch 80: {'CarbonCE': 0.355, 'NitroCE': 0.21, 'OxyCE': 0.257, 'FluorCE': 0.008} -- {'NoBondCE': 0.318, 'SingleCE': 0.297, 'DoubleCE': 0.058, 'TripleCE': 0.021, 'AromaticCE': 0.0}
Starting epoch 81
Train epoch 81 ends
Epoch 81 finished: X: 0.46 -- charges: 0.08 -- E: 0.37 -- y: -1.00 -- 95.3s 
Epoch 81: {'CarbonCE': 0.357, 'NitroCE': 0.212, 'OxyCE': 0.259, 'FluorCE': 0.009} -- {'NoBondCE': 0.319, 'SingleCE': 0.298, 'DoubleCE': 0.058, 'TripleCE': 0.021, 'AromaticCE': 0.0}
Starting epoch 82
Train epoch 82 ends
Epoch 82 finished: X: 0.46 -- charges: 0.08 -- E: 0.37 -- y: -1.00 -- 94.7s 
Epoch 82: {'CarbonCE': 0.358, 'NitroCE': 0.211, 'OxyCE': 0.259, 'FluorCE': 0.008} -- {'NoBondCE': 0.319, 'SingleCE': 0.298, 'DoubleCE': 0.058, 'TripleCE': 0.021, 'AromaticCE': 0.0}
Starting epoch 83
Train epoch 83 ends
Epoch 83 finished: X: 0.46 -- charges: 0.08 -- E: 0.37 -- y: -1.00 -- 97.4s 
Epoch 83: {'CarbonCE': 0.356, 'NitroCE': 0.211, 'OxyCE': 0.259, 'FluorCE': 0.009} -- {'NoBondCE': 0.318, 'SingleCE': 0.298, 'DoubleCE': 0.058, 'TripleCE': 0.021, 'AromaticCE': 0.0}
Starting epoch 84
Epoch 84: val/epoch_NLL: 70.00 -- val/X_kl: 3.09 -- val/E_kl: 65.78 -- val/charges_kl: 0.59 
Val loss: 70.0029 	 Best val loss:  67.6257

Val epoch 84 ends
Train epoch 84 ends
Epoch 84 finished: X: 0.46 -- charges: 0.08 -- E: 0.37 -- y: -1.00 -- 107.8s 
Epoch 84: {'CarbonCE': 0.355, 'NitroCE': 0.211, 'OxyCE': 0.258, 'FluorCE': 0.008} -- {'NoBondCE': 0.318, 'SingleCE': 0.298, 'DoubleCE': 0.058, 'TripleCE': 0.021, 'AromaticCE': 0.0}
Starting epoch 85
Train epoch 85 ends
Epoch 85 finished: X: 0.46 -- charges: 0.08 -- E: 0.37 -- y: -1.00 -- 94.7s 
Epoch 85: {'CarbonCE': 0.357, 'NitroCE': 0.212, 'OxyCE': 0.259, 'FluorCE': 0.009} -- {'NoBondCE': 0.319, 'SingleCE': 0.299, 'DoubleCE': 0.059, 'TripleCE': 0.021, 'AromaticCE': 0.0}
Starting epoch 86
Train epoch 86 ends
Epoch 86 finished: X: 0.46 -- charges: 0.08 -- E: 0.37 -- y: -1.00 -- 96.2s 
Epoch 86: {'CarbonCE': 0.357, 'NitroCE': 0.212, 'OxyCE': 0.258, 'FluorCE': 0.008} -- {'NoBondCE': 0.318, 'SingleCE': 0.297, 'DoubleCE': 0.058, 'TripleCE': 0.021, 'AromaticCE': 0.0}
Starting epoch 87
Train epoch 87 ends
Epoch 87 finished: X: 0.46 -- charges: 0.08 -- E: 0.37 -- y: -1.00 -- 96.6s 
Epoch 87: {'CarbonCE': 0.357, 'NitroCE': 0.212, 'OxyCE': 0.259, 'FluorCE': 0.009} -- {'NoBondCE': 0.319, 'SingleCE': 0.298, 'DoubleCE': 0.058, 'TripleCE': 0.021, 'AromaticCE': 0.0}
Starting epoch 88
Train epoch 88 ends
Epoch 88 finished: X: 0.46 -- charges: 0.08 -- E: 0.37 -- y: -1.00 -- 96.4s 
Epoch 88: {'CarbonCE': 0.355, 'NitroCE': 0.211, 'OxyCE': 0.257, 'FluorCE': 0.009} -- {'NoBondCE': 0.318, 'SingleCE': 0.297, 'DoubleCE': 0.058, 'TripleCE': 0.021, 'AromaticCE': 0.0}
Starting epoch 89
Epoch 89: val/epoch_NLL: 70.00 -- val/X_kl: 3.10 -- val/E_kl: 65.74 -- val/charges_kl: 0.61 
Val loss: 69.9968 	 Best val loss:  67.6257

Val epoch 89 ends
Train epoch 89 ends
Epoch 89 finished: X: 0.46 -- charges: 0.08 -- E: 0.37 -- y: -1.00 -- 107.1s 
Epoch 89: {'CarbonCE': 0.355, 'NitroCE': 0.211, 'OxyCE': 0.258, 'FluorCE': 0.009} -- {'NoBondCE': 0.318, 'SingleCE': 0.297, 'DoubleCE': 0.058, 'TripleCE': 0.021, 'AromaticCE': 0.0}
Starting epoch 90
Train epoch 90 ends
Epoch 90 finished: X: 0.46 -- charges: 0.08 -- E: 0.37 -- y: -1.00 -- 97.2s 
Epoch 90: {'CarbonCE': 0.358, 'NitroCE': 0.212, 'OxyCE': 0.259, 'FluorCE': 0.009} -- {'NoBondCE': 0.319, 'SingleCE': 0.299, 'DoubleCE': 0.058, 'TripleCE': 0.021, 'AromaticCE': 0.0}
Starting epoch 91
Train epoch 91 ends
Epoch 91 finished: X: 0.46 -- charges: 0.08 -- E: 0.37 -- y: -1.00 -- 94.8s 
Epoch 91: {'CarbonCE': 0.357, 'NitroCE': 0.212, 'OxyCE': 0.258, 'FluorCE': 0.009} -- {'NoBondCE': 0.318, 'SingleCE': 0.297, 'DoubleCE': 0.058, 'TripleCE': 0.021, 'AromaticCE': 0.0}
Starting epoch 92
Train epoch 92 ends
Epoch 92 finished: X: 0.46 -- charges: 0.08 -- E: 0.37 -- y: -1.00 -- 94.8s 
Epoch 92: {'CarbonCE': 0.356, 'NitroCE': 0.211, 'OxyCE': 0.258, 'FluorCE': 0.009} -- {'NoBondCE': 0.318, 'SingleCE': 0.297, 'DoubleCE': 0.058, 'TripleCE': 0.021, 'AromaticCE': 0.0}
Starting epoch 93
Train epoch 93 ends
Epoch 93 finished: X: 0.46 -- charges: 0.08 -- E: 0.37 -- y: -1.00 -- 93.6s 
Epoch 93: {'CarbonCE': 0.356, 'NitroCE': 0.21, 'OxyCE': 0.258, 'FluorCE': 0.008} -- {'NoBondCE': 0.319, 'SingleCE': 0.298, 'DoubleCE': 0.058, 'TripleCE': 0.021, 'AromaticCE': 0.0}
Starting epoch 94
Epoch 94: val/epoch_NLL: 67.55 -- val/X_kl: 3.10 -- val/E_kl: 63.32 -- val/charges_kl: 0.58 
Val loss: 67.5462 	 Best val loss:  67.5462

Val epoch 94 ends
Metric val/epoch_NLL improved by 0.079 >= min_delta = 0.0001. New best score: 67.546
Train epoch 94 ends
Epoch 94 finished: X: 0.46 -- charges: 0.08 -- E: 0.37 -- y: -1.00 -- 108.0s 
Epoch 94: {'CarbonCE': 0.357, 'NitroCE': 0.211, 'OxyCE': 0.259, 'FluorCE': 0.009} -- {'NoBondCE': 0.318, 'SingleCE': 0.297, 'DoubleCE': 0.058, 'TripleCE': 0.021, 'AromaticCE': 0.0}
Starting epoch 95
Train epoch 95 ends
Epoch 95 finished: X: 0.46 -- charges: 0.08 -- E: 0.37 -- y: -1.00 -- 96.1s 
Epoch 95: {'CarbonCE': 0.356, 'NitroCE': 0.211, 'OxyCE': 0.258, 'FluorCE': 0.009} -- {'NoBondCE': 0.318, 'SingleCE': 0.298, 'DoubleCE': 0.058, 'TripleCE': 0.021, 'AromaticCE': 0.0}
Starting epoch 96
Train epoch 96 ends
Epoch 96 finished: X: 0.46 -- charges: 0.08 -- E: 0.37 -- y: -1.00 -- 96.1s 
Epoch 96: {'CarbonCE': 0.357, 'NitroCE': 0.212, 'OxyCE': 0.259, 'FluorCE': 0.009} -- {'NoBondCE': 0.319, 'SingleCE': 0.298, 'DoubleCE': 0.058, 'TripleCE': 0.021, 'AromaticCE': 0.0}
Starting epoch 97
Train epoch 97 ends
Epoch 97 finished: X: 0.46 -- charges: 0.08 -- E: 0.37 -- y: -1.00 -- 96.9s 
Epoch 97: {'CarbonCE': 0.356, 'NitroCE': 0.211, 'OxyCE': 0.259, 'FluorCE': 0.008} -- {'NoBondCE': 0.318, 'SingleCE': 0.297, 'DoubleCE': 0.058, 'TripleCE': 0.021, 'AromaticCE': 0.0}
Starting epoch 98
Train epoch 98 ends
Epoch 98 finished: X: 0.46 -- charges: 0.08 -- E: 0.37 -- y: -1.00 -- 95.2s 
Epoch 98: {'CarbonCE': 0.356, 'NitroCE': 0.211, 'OxyCE': 0.258, 'FluorCE': 0.008} -- {'NoBondCE': 0.317, 'SingleCE': 0.297, 'DoubleCE': 0.058, 'TripleCE': 0.021, 'AromaticCE': 0.0}
Starting epoch 99
Epoch 99: val/epoch_NLL: 68.57 -- val/X_kl: 3.09 -- val/E_kl: 64.34 -- val/charges_kl: 0.59 
Val loss: 68.5708 	 Best val loss:  67.5462

Val epoch 99 ends
Train epoch 99 ends
Epoch 99 finished: X: 0.46 -- charges: 0.08 -- E: 0.37 -- y: -1.00 -- 106.4s 
Epoch 99: {'CarbonCE': 0.356, 'NitroCE': 0.21, 'OxyCE': 0.258, 'FluorCE': 0.009} -- {'NoBondCE': 0.317, 'SingleCE': 0.297, 'DoubleCE': 0.058, 'TripleCE': 0.021, 'AromaticCE': 0.0}
Starting epoch 100
Train epoch 100 ends
Epoch 100 finished: X: 0.46 -- charges: 0.08 -- E: 0.37 -- y: -1.00 -- 95.9s 
Epoch 100: {'CarbonCE': 0.355, 'NitroCE': 0.21, 'OxyCE': 0.258, 'FluorCE': 0.009} -- {'NoBondCE': 0.317, 'SingleCE': 0.297, 'DoubleCE': 0.058, 'TripleCE': 0.021, 'AromaticCE': 0.0}
Starting epoch 101
Train epoch 101 ends
Epoch 101 finished: X: 0.46 -- charges: 0.08 -- E: 0.37 -- y: -1.00 -- 95.4s 
Epoch 101: {'CarbonCE': 0.354, 'NitroCE': 0.21, 'OxyCE': 0.257, 'FluorCE': 0.008} -- {'NoBondCE': 0.316, 'SingleCE': 0.296, 'DoubleCE': 0.058, 'TripleCE': 0.021, 'AromaticCE': 0.0}
Starting epoch 102
Train epoch 102 ends
Epoch 102 finished: X: 0.46 -- charges: 0.08 -- E: 0.37 -- y: -1.00 -- 96.6s 
Epoch 102: {'CarbonCE': 0.356, 'NitroCE': 0.211, 'OxyCE': 0.259, 'FluorCE': 0.008} -- {'NoBondCE': 0.317, 'SingleCE': 0.297, 'DoubleCE': 0.058, 'TripleCE': 0.021, 'AromaticCE': 0.0}
Starting epoch 103
Train epoch 103 ends
Epoch 103 finished: X: 0.46 -- charges: 0.08 -- E: 0.37 -- y: -1.00 -- 94.1s 
Epoch 103: {'CarbonCE': 0.357, 'NitroCE': 0.212, 'OxyCE': 0.258, 'FluorCE': 0.008} -- {'NoBondCE': 0.318, 'SingleCE': 0.297, 'DoubleCE': 0.058, 'TripleCE': 0.021, 'AromaticCE': 0.0}
Starting epoch 104
Epoch 104: val/epoch_NLL: 67.72 -- val/X_kl: 3.05 -- val/E_kl: 63.51 -- val/charges_kl: 0.58 
Val loss: 67.7224 	 Best val loss:  67.5462

Val epoch 104 ends
Train epoch 104 ends
Epoch 104 finished: X: 0.46 -- charges: 0.08 -- E: 0.37 -- y: -1.00 -- 109.0s 
Epoch 104: {'CarbonCE': 0.356, 'NitroCE': 0.211, 'OxyCE': 0.258, 'FluorCE': 0.009} -- {'NoBondCE': 0.317, 'SingleCE': 0.297, 'DoubleCE': 0.058, 'TripleCE': 0.021, 'AromaticCE': 0.0}
Starting epoch 105
Train epoch 105 ends
Epoch 105 finished: X: 0.46 -- charges: 0.08 -- E: 0.37 -- y: -1.00 -- 93.0s 
Epoch 105: {'CarbonCE': 0.356, 'NitroCE': 0.211, 'OxyCE': 0.259, 'FluorCE': 0.008} -- {'NoBondCE': 0.318, 'SingleCE': 0.298, 'DoubleCE': 0.058, 'TripleCE': 0.021, 'AromaticCE': 0.0}
Starting epoch 106
Train epoch 106 ends
Epoch 106 finished: X: 0.46 -- charges: 0.08 -- E: 0.37 -- y: -1.00 -- 95.0s 
Epoch 106: {'CarbonCE': 0.355, 'NitroCE': 0.21, 'OxyCE': 0.257, 'FluorCE': 0.008} -- {'NoBondCE': 0.317, 'SingleCE': 0.296, 'DoubleCE': 0.058, 'TripleCE': 0.021, 'AromaticCE': 0.0}
Starting epoch 107
Train epoch 107 ends
Epoch 107 finished: X: 0.46 -- charges: 0.08 -- E: 0.37 -- y: -1.00 -- 96.3s 
Epoch 107: {'CarbonCE': 0.357, 'NitroCE': 0.211, 'OxyCE': 0.259, 'FluorCE': 0.008} -- {'NoBondCE': 0.317, 'SingleCE': 0.297, 'DoubleCE': 0.058, 'TripleCE': 0.021, 'AromaticCE': 0.0}
Starting epoch 108
Train epoch 108 ends
Epoch 108 finished: X: 0.46 -- charges: 0.08 -- E: 0.37 -- y: -1.00 -- 95.2s 
Epoch 108: {'CarbonCE': 0.355, 'NitroCE': 0.21, 'OxyCE': 0.257, 'FluorCE': 0.009} -- {'NoBondCE': 0.317, 'SingleCE': 0.296, 'DoubleCE': 0.058, 'TripleCE': 0.021, 'AromaticCE': 0.0}
Starting epoch 109
Epoch 109: val/epoch_NLL: 68.89 -- val/X_kl: 3.10 -- val/E_kl: 64.65 -- val/charges_kl: 0.60 
Val loss: 68.8884 	 Best val loss:  67.5462

Val epoch 109 ends
Train epoch 109 ends
Epoch 109 finished: X: 0.46 -- charges: 0.08 -- E: 0.37 -- y: -1.00 -- 106.3s 
Epoch 109: {'CarbonCE': 0.355, 'NitroCE': 0.21, 'OxyCE': 0.258, 'FluorCE': 0.008} -- {'NoBondCE': 0.317, 'SingleCE': 0.297, 'DoubleCE': 0.058, 'TripleCE': 0.021, 'AromaticCE': 0.0}
Starting epoch 110
Train epoch 110 ends
Epoch 110 finished: X: 0.46 -- charges: 0.08 -- E: 0.37 -- y: -1.00 -- 93.3s 
Epoch 110: {'CarbonCE': 0.356, 'NitroCE': 0.211, 'OxyCE': 0.259, 'FluorCE': 0.009} -- {'NoBondCE': 0.317, 'SingleCE': 0.296, 'DoubleCE': 0.058, 'TripleCE': 0.021, 'AromaticCE': 0.0}
Starting epoch 111
Train epoch 111 ends
Epoch 111 finished: X: 0.46 -- charges: 0.08 -- E: 0.37 -- y: -1.00 -- 96.0s 
Epoch 111: {'CarbonCE': 0.356, 'NitroCE': 0.211, 'OxyCE': 0.259, 'FluorCE': 0.008} -- {'NoBondCE': 0.318, 'SingleCE': 0.297, 'DoubleCE': 0.058, 'TripleCE': 0.021, 'AromaticCE': 0.0}
Starting epoch 112
Train epoch 112 ends
Epoch 112 finished: X: 0.46 -- charges: 0.08 -- E: 0.37 -- y: -1.00 -- 96.3s 
Epoch 112: {'CarbonCE': 0.354, 'NitroCE': 0.21, 'OxyCE': 0.258, 'FluorCE': 0.008} -- {'NoBondCE': 0.317, 'SingleCE': 0.296, 'DoubleCE': 0.058, 'TripleCE': 0.021, 'AromaticCE': 0.0}
Starting epoch 113
Train epoch 113 ends
Epoch 113 finished: X: 0.46 -- charges: 0.08 -- E: 0.37 -- y: -1.00 -- 96.5s 
Epoch 113: {'CarbonCE': 0.356, 'NitroCE': 0.211, 'OxyCE': 0.259, 'FluorCE': 0.009} -- {'NoBondCE': 0.318, 'SingleCE': 0.297, 'DoubleCE': 0.058, 'TripleCE': 0.021, 'AromaticCE': 0.0}
Starting epoch 114
Epoch 114: val/epoch_NLL: 68.40 -- val/X_kl: 3.12 -- val/E_kl: 64.11 -- val/charges_kl: 0.60 
Val loss: 68.4025 	 Best val loss:  67.5462

[2026-06-25 17:55:40] Sampling start
[2026-06-25 17:55:40] Sampling a batch with 50 graphs on local rank 0. Saving 50 visualization and 10 full chains.
[2026-06-25 17:56:00] Batch sampled. Visualizing chains starts!
1/10 chains saved on local rank 0.Saving /home/drigoni/repository/ConStruct-Thesis/ConStruct/chains/epoch114/batch50_GR0/molecule_50_0.gif to wandb
wandb: WARNING `fps` argument does not affect the frame rate of the video when providing a file path or raw bytes.
2/10 chains saved on local rank 0.Saving /home/drigoni/repository/ConStruct-Thesis/ConStruct/chains/epoch114/batch50_GR0/molecule_51_0.gif to wandb
wandb: WARNING `fps` argument does not affect the frame rate of the video when providing a file path or raw bytes.
3/10 chains saved on local rank 0.Saving /home/drigoni/repository/ConStruct-Thesis/ConStruct/chains/epoch114/batch50_GR0/molecule_52_0.gif to wandb
wandb: WARNING `fps` argument does not affect the frame rate of the video when providing a file path or raw bytes.
4/10 chains saved on local rank 0.Saving /home/drigoni/repository/ConStruct-Thesis/ConStruct/chains/epoch114/batch50_GR0/molecule_53_0.gif to wandb
wandb: WARNING `fps` argument does not affect the frame rate of the video when providing a file path or raw bytes.
5/10 chains saved on local rank 0.Saving /home/drigoni/repository/ConStruct-Thesis/ConStruct/chains/epoch114/batch50_GR0/molecule_54_0.gif to wandb
wandb: WARNING `fps` argument does not affect the frame rate of the video when providing a file path or raw bytes.
6/10 chains saved on local rank 0.Saving /home/drigoni/repository/ConStruct-Thesis/ConStruct/chains/epoch114/batch50_GR0/molecule_55_0.gif to wandb
wandb: WARNING `fps` argument does not affect the frame rate of the video when providing a file path or raw bytes.
7/10 chains saved on local rank 0.Saving /home/drigoni/repository/ConStruct-Thesis/ConStruct/chains/epoch114/batch50_GR0/molecule_56_0.gif to wandb
wandb: WARNING `fps` argument does not affect the frame rate of the video when providing a file path or raw bytes.
8/10 chains saved on local rank 0.Saving /home/drigoni/repository/ConStruct-Thesis/ConStruct/chains/epoch114/batch50_GR0/molecule_57_0.gif to wandb
wandb: WARNING `fps` argument does not affect the frame rate of the video when providing a file path or raw bytes.
9/10 chains saved on local rank 0.Saving /home/drigoni/repository/ConStruct-Thesis/ConStruct/chains/epoch114/batch50_GR0/molecule_58_0.gif to wandb
wandb: WARNING `fps` argument does not affect the frame rate of the video when providing a file path or raw bytes.
10/10 chains saved on local rank 0.Saving /home/drigoni/repository/ConStruct-Thesis/ConStruct/chains/epoch114/batch50_GR0/molecule_59_0.gif to wandb
wandb: WARNING `fps` argument does not affect the frame rate of the video when providing a file path or raw bytes.
[2026-06-25 17:56:29] Visualizing 50 graphs out of 50
Saving /home/drigoni/repository/ConStruct-Thesis/ConStruct/graphs/qm9_thesis_no_constraint/epoch114_b50/graph_0.png to wandb
Saving /home/drigoni/repository/ConStruct-Thesis/ConStruct/graphs/qm9_thesis_no_constraint/epoch114_b50/graph_1.png to wandb
Saving /home/drigoni/repository/ConStruct-Thesis/ConStruct/graphs/qm9_thesis_no_constraint/epoch114_b50/graph_2.png to wandb
[2026-06-25 17:56:30] Done.
[2026-06-25 17:56:30] Sampling a batch with 206 graphs on local rank 0. Saving 0 visualization and 0 full chains.
[2026-06-25 17:56:55] Done.
[2026-06-25 17:56:55] Sampled 2 batches on local rank 0. Sampling took 74.94 seconds

[2026-06-25 17:56:55] Computing sampling metrics on 0...
Error messages: AtomValence 4, Kekulize 0, other 0,  -- No error 252
Traceback (most recent call last):
  File "/home/drigoni/Programs/miniconda/envs/construct/lib/python3.10/multiprocessing/util.py", line 300, in _run_finalizers
    finalizer()
  File "/home/drigoni/Programs/miniconda/envs/construct/lib/python3.10/multiprocessing/util.py", line 224, in __call__
    res = self._callback(*self._args, **self._kwargs)
  File "/home/drigoni/Programs/miniconda/envs/construct/lib/python3.10/multiprocessing/util.py", line 133, in _remove_temp_dir
    rmtree(tempdir)
  File "/home/drigoni/Programs/miniconda/envs/construct/lib/python3.10/shutil.py", line 725, in rmtree
    _rmtree_safe_fd(fd, path, onerror)
  File "/home/drigoni/Programs/miniconda/envs/construct/lib/python3.10/shutil.py", line 681, in _rmtree_safe_fd
    onerror(os.unlink, fullname, sys.exc_info())
  File "/home/drigoni/Programs/miniconda/envs/construct/lib/python3.10/shutil.py", line 679, in _rmtree_safe_fd
    os.unlink(entry.name, dir_fd=topfd)
OSError: [Errno 16] Device or resource busy: '.nfs000000001550567b00001c2f'
Some generated smiles: C#CC(C)COC(C)=O CC1(O)CCC2NC21C CC12OC1C1CC12 C#CC12CCOCC1C2 CC(O)CC(=O)N(C)C O=C1C2C3CC2C2C3N12 OC1CC[NH+]2C3CC1C32 CC1CCC1C C1=CC2C(CC1)[NH+]1CC21 CC1(C)CC2CC1C2

================================================================================
📊 CONSTRAINT SATISFACTION RESULTS
================================================================================

📋 **Definitions**:
• **FCD** — Fréchet ChemNet Distance computed on valid canonical SMILES; lower is better
• **Unique/Novel/Valid** — proportions computed over all generated molecules (not only valid)
• **Disconnected** — share of graphs with >1 connected component
• **Property satisfied** — share of generated graphs meeting the enforced structural constraint
• **V.U.N.** — product of Valid × Unique × Novel (in [0,100]%)

🔍 **LOGGING TO WANDB**:
============================================================
  val_sampling/NumNodesW1: 0.06300050765275955
  val_sampling/NodeTypesTV: 0.04764985293149948
  val_sampling/EdgeTypesTV: 0.04416070133447647
  val_sampling/Disconnected: 3.125
  val_sampling/MeanComponents: 1.03125
  val_sampling/MaxComponents: 2.0
  val_sampling/planarity: 0.99609375
  val_sampling/no_cycles: 0.08984375
  val_sampling/lobster_components: 0.08984375
  val_sampling/generated_deg_hist: <wandb.sdk.data_types.histogram.Histogram object at 0x7f0726f939d0>
  val_sampling/diff_deg_hist: <wandb.sdk.data_types.histogram.Histogram object at 0x7f0726f91960>
  val_sampling/abs_diff_deg_hist: <wandb.sdk.data_types.histogram.Histogram object at 0x7f0726f911b0>
  val_sampling/Validity: 98.4375
  val_sampling/Uniqueness: 100.0
  val_sampling/Novelty: 92.46031641960144
  val_sampling/fcd score: 2.5950302169989072
============================================================


🎯 CORE METRICS:
================================================================================
qm9_thesis_no_constraint — VAL — QM9
Constraint: No structural constraint · N=256 · diffusion_steps=500 · sampler=reverse

+-------------------------+--------------------+
| Metric                  | Value                |
+-------------------------+--------------------+
| Molecules generated (N) | 256                  |
| FCD                     | 2.595                |
| Unique (%)              | 100.0%               |
| Novel (%)               | 92.4603%             |
| Valid (%)               | 98.4375%             |
| Disconnected (%)        | 3.125%               |
| Property satisfied (%)  | —                    |
| V.U.N. (%)              | 91.0156%             |
+-------------------------+--------------------+


🏗️ STRUCTURAL CONSTRAINT SATISFACTION:
================================================================================
qm9_thesis_no_constraint — VAL — QM9 — Structural
Constraint: No structural constraint · N=256 · diffusion_steps=500 · sampler=reverse

+---------------------------+--------------------------+
| Metric                    | Value                      |
+---------------------------+--------------------------+
| Constraint                | No structural constraint   |
| Ring count 0 (%)          | 8.9844%                    |
| Ring count 1 (%)          | 26.9531%                   |
| Ring count 2 (%)          | 8.5938%                    |
| Ring count 3 (%)          | 25.0%                      |
| Ring count 4 (%)          | 4.6875%                    |
| Ring count 5 (%)          | 0.0%                       |
| Ring count 6 (%)          | 12.1094%                   |
| Ring count 7 (%)          | 6.25%                      |
| Ring count 8 (%)          | 0.3906%                    |
| Ring count 9+ (%)         | 7.0312%                    |
| Acyclic (max len 0) (%)   | 8.9844%                    |
| Ring length 3 (max) (%)   | 12.1094%                   |
| Ring length 4 (max) (%)   | 8.2031%                    |
| Ring length 5 (max) (%)   | 22.2656%                   |
| Ring length 6 (max) (%)   | 18.75%                     |
| Ring length 7 (max) (%)   | 17.5781%                   |
| Ring length 8 (max) (%)   | 8.5938%                    |
| Ring length 9 (max) (%)   | 3.5156%                    |
| Ring length 10 (max) (%)  | 0.0%                       |
| Ring length 11 (max) (%)  | 0.0%                       |
| Ring length 12 (max) (%)  | 0.0%                       |
| Ring length >12 (max) (%) | 0.0%                       |
+---------------------------+--------------------------+


⏱️ TIMING METRICS:
================================================================================
qm9_thesis_no_constraint — VAL — QM9 — Timing
Constraint: No structural constraint · N=256 · diffusion_steps=500 · sampler=reverse

+---------------------------------+--------------------------------------------------+
| Metric                          | Value                                              |
+---------------------------------+--------------------------------------------------+
| Sampling time (s) for N         | 226.75 for N=256                                   |
| Per-graph sampling time (ms)    | 885.7                                              |
| Sampling batches                | 6                                                  |
| Projector mean time (ms)        | 0.0 (no projection)                                |
| Projector share of sampling (%) | 0.0% (no projection)                               |
| Wall-clock elapsed (hh:mm)      | 03:11                                              |
| Environment                     | gpu=Tesla V100-FHHL-16GB, torch=2.12.1+cu126, ...  |
+---------------------------------+--------------------------------------------------+


🧪 CHEMISTRY METRICS:
================================================================================
qm9_thesis_no_constraint — VAL — QM9 — Chemistry
Constraint: No structural constraint · N=256 · diffusion_steps=500 · sampler=reverse

+---------------------------------+--------------------+
| Metric                          | Value                |
+---------------------------------+--------------------+
| Valid molecules used (chem)     | 252                  |
| Molecular weight (Da) mean ± sd | 120.8 ± 10.1         |
| Heavy atoms mean ± sd           | 8.7 ± 0.7            |
| Atom composition % (C/N/O/F)    | 74.5/9.7/15.7/0.1    |
+---------------------------------+--------------------+

[VIOLATION TRACKING] Detected constraint: None, value: None
[VIOLATION TRACKING] Enforced constraint: None
[VIOLATION TRACKING] Tracking violations for: []
[VIOLATION TRACKING] Ignoring violations for: ['ring_count', 'ring_length', 'planarity']
[VIOLATIONS] Summary saved to violation_summary_rank0_20260625_175658.txt
Sampling metrics {'val_sampling/NumNodesW1': 0.063, 'val_sampling/NodeTypesTV': 0.048, 'val_sampling/EdgeTypesTV': 0.044, 'val_sampling/Disconnected': 3.125, 'val_sampling/MeanComponents': 1.031, 'val_sampling/MaxComponents': 2.0, 'val_sampling/planarity': 0.996, 'val_sampling/no_cycles': 0.09, 'val_sampling/lobster_components': 0.09, 'val_sampling/generated_deg_hist': [0.001, 0.218, 0.424, 0.284, 0.071, 0.002, 0.0, 0.0, 0.0], 'val_sampling/diff_deg_hist': [0.001, -0.022, -0.008, 0.011, 0.017, 0.001, 0.0, 0.0, 0.0], 'val_sampling/abs_diff_deg_hist': [0.001, 0.022, 0.008, 0.011, 0.017, 0.001, 0.0, 0.0, 0.0], 'val_sampling/Validity': 98.438, 'val_sampling/Uniqueness': 100.0, 'val_sampling/Novelty': 92.46, 'val_sampling/fcd score': 2.595, 'val_sampling/ChargeW1': 0.01, 'val_sampling/ValencyW1': 0.026, 'val_ratio/fcd score': 2.952, 'val_ratio/average': 2.952}
Val epoch 114 ends
Train epoch 114 ends
Epoch 114 finished: X: 0.46 -- charges: 0.08 -- E: 0.37 -- y: -1.00 -- 186.5s 
Epoch 114: {'CarbonCE': 0.355, 'NitroCE': 0.21, 'OxyCE': 0.257, 'FluorCE': 0.009} -- {'NoBondCE': 0.317, 'SingleCE': 0.296, 'DoubleCE': 0.058, 'TripleCE': 0.021, 'AromaticCE': 0.0}
Starting epoch 115
Train epoch 115 ends
Epoch 115 finished: X: 0.46 -- charges: 0.08 -- E: 0.37 -- y: -1.00 -- 96.2s 
Epoch 115: {'CarbonCE': 0.356, 'NitroCE': 0.211, 'OxyCE': 0.258, 'FluorCE': 0.009} -- {'NoBondCE': 0.316, 'SingleCE': 0.296, 'DoubleCE': 0.058, 'TripleCE': 0.021, 'AromaticCE': 0.0}
Starting epoch 116
Train epoch 116 ends
Epoch 116 finished: X: 0.46 -- charges: 0.08 -- E: 0.37 -- y: -1.00 -- 95.0s 
Epoch 116: {'CarbonCE': 0.357, 'NitroCE': 0.211, 'OxyCE': 0.259, 'FluorCE': 0.009} -- {'NoBondCE': 0.317, 'SingleCE': 0.297, 'DoubleCE': 0.058, 'TripleCE': 0.021, 'AromaticCE': 0.0}
Starting epoch 117
Train epoch 117 ends
Epoch 117 finished: X: 0.46 -- charges: 0.08 -- E: 0.37 -- y: -1.00 -- 97.5s 
Epoch 117: {'CarbonCE': 0.356, 'NitroCE': 0.211, 'OxyCE': 0.259, 'FluorCE': 0.009} -- {'NoBondCE': 0.317, 'SingleCE': 0.297, 'DoubleCE': 0.058, 'TripleCE': 0.021, 'AromaticCE': 0.0}
Starting epoch 118
Train epoch 118 ends
Epoch 118 finished: X: 0.46 -- charges: 0.08 -- E: 0.37 -- y: -1.00 -- 97.4s 
Epoch 118: {'CarbonCE': 0.356, 'NitroCE': 0.21, 'OxyCE': 0.259, 'FluorCE': 0.009} -- {'NoBondCE': 0.317, 'SingleCE': 0.297, 'DoubleCE': 0.058, 'TripleCE': 0.021, 'AromaticCE': 0.0}
Starting epoch 119
Epoch 119: val/epoch_NLL: 69.91 -- val/X_kl: 3.09 -- val/E_kl: 65.65 -- val/charges_kl: 0.61 
Val loss: 69.9066 	 Best val loss:  67.5462

Val epoch 119 ends
Train epoch 119 ends
Epoch 119 finished: X: 0.46 -- charges: 0.08 -- E: 0.37 -- y: -1.00 -- 109.4s 
Epoch 119: {'CarbonCE': 0.356, 'NitroCE': 0.211, 'OxyCE': 0.259, 'FluorCE': 0.009} -- {'NoBondCE': 0.318, 'SingleCE': 0.297, 'DoubleCE': 0.058, 'TripleCE': 0.021, 'AromaticCE': 0.0}
Starting epoch 120
Train epoch 120 ends
Epoch 120 finished: X: 0.46 -- charges: 0.08 -- E: 0.37 -- y: -1.00 -- 95.2s 
Epoch 120: {'CarbonCE': 0.356, 'NitroCE': 0.211, 'OxyCE': 0.258, 'FluorCE': 0.009} -- {'NoBondCE': 0.317, 'SingleCE': 0.296, 'DoubleCE': 0.058, 'TripleCE': 0.021, 'AromaticCE': 0.0}
Starting epoch 121
Train epoch 121 ends
Epoch 121 finished: X: 0.46 -- charges: 0.08 -- E: 0.37 -- y: -1.00 -- 95.4s 
Epoch 121: {'CarbonCE': 0.355, 'NitroCE': 0.211, 'OxyCE': 0.258, 'FluorCE': 0.009} -- {'NoBondCE': 0.317, 'SingleCE': 0.296, 'DoubleCE': 0.058, 'TripleCE': 0.021, 'AromaticCE': 0.0}
Starting epoch 122
Train epoch 122 ends
Epoch 122 finished: X: 0.46 -- charges: 0.08 -- E: 0.37 -- y: -1.00 -- 94.2s 
Epoch 122: {'CarbonCE': 0.356, 'NitroCE': 0.211, 'OxyCE': 0.258, 'FluorCE': 0.009} -- {'NoBondCE': 0.316, 'SingleCE': 0.296, 'DoubleCE': 0.058, 'TripleCE': 0.021, 'AromaticCE': 0.0}
Starting epoch 123
Train epoch 123 ends
Epoch 123 finished: X: 0.46 -- charges: 0.08 -- E: 0.37 -- y: -1.00 -- 95.0s 
Epoch 123: {'CarbonCE': 0.356, 'NitroCE': 0.211, 'OxyCE': 0.258, 'FluorCE': 0.009} -- {'NoBondCE': 0.317, 'SingleCE': 0.296, 'DoubleCE': 0.058, 'TripleCE': 0.021, 'AromaticCE': 0.0}
Starting epoch 124
Epoch 124: val/epoch_NLL: 68.40 -- val/X_kl: 3.11 -- val/E_kl: 64.15 -- val/charges_kl: 0.60 
Val loss: 68.4007 	 Best val loss:  67.5462

Val epoch 124 ends
Train epoch 124 ends
Epoch 124 finished: X: 0.46 -- charges: 0.08 -- E: 0.37 -- y: -1.00 -- 109.1s 
Epoch 124: {'CarbonCE': 0.356, 'NitroCE': 0.211, 'OxyCE': 0.258, 'FluorCE': 0.009} -- {'NoBondCE': 0.316, 'SingleCE': 0.296, 'DoubleCE': 0.058, 'TripleCE': 0.021, 'AromaticCE': 0.0}
Starting epoch 125
Train epoch 125 ends
Epoch 125 finished: X: 0.46 -- charges: 0.08 -- E: 0.37 -- y: -1.00 -- 96.8s 
Epoch 125: {'CarbonCE': 0.356, 'NitroCE': 0.211, 'OxyCE': 0.258, 'FluorCE': 0.009} -- {'NoBondCE': 0.317, 'SingleCE': 0.297, 'DoubleCE': 0.058, 'TripleCE': 0.021, 'AromaticCE': 0.0}
Starting epoch 126
Train epoch 126 ends
Epoch 126 finished: X: 0.46 -- charges: 0.08 -- E: 0.37 -- y: -1.00 -- 96.6s 
Epoch 126: {'CarbonCE': 0.357, 'NitroCE': 0.212, 'OxyCE': 0.259, 'FluorCE': 0.009} -- {'NoBondCE': 0.318, 'SingleCE': 0.298, 'DoubleCE': 0.058, 'TripleCE': 0.021, 'AromaticCE': 0.0}
Starting epoch 127
Train epoch 127 ends
Epoch 127 finished: X: 0.46 -- charges: 0.08 -- E: 0.37 -- y: -1.00 -- 95.4s 
Epoch 127: {'CarbonCE': 0.355, 'NitroCE': 0.211, 'OxyCE': 0.258, 'FluorCE': 0.009} -- {'NoBondCE': 0.316, 'SingleCE': 0.296, 'DoubleCE': 0.058, 'TripleCE': 0.021, 'AromaticCE': 0.0}
Starting epoch 128
Train epoch 128 ends
Epoch 128 finished: X: 0.46 -- charges: 0.08 -- E: 0.37 -- y: -1.00 -- 97.1s 
Epoch 128: {'CarbonCE': 0.357, 'NitroCE': 0.212, 'OxyCE': 0.259, 'FluorCE': 0.009} -- {'NoBondCE': 0.317, 'SingleCE': 0.297, 'DoubleCE': 0.058, 'TripleCE': 0.021, 'AromaticCE': 0.0}
Starting epoch 129
Epoch 129: val/epoch_NLL: 69.66 -- val/X_kl: 3.16 -- val/E_kl: 65.35 -- val/charges_kl: 0.60 
Val loss: 69.6585 	 Best val loss:  67.5462

Val epoch 129 ends
Train epoch 129 ends
Epoch 129 finished: X: 0.46 -- charges: 0.08 -- E: 0.37 -- y: -1.00 -- 108.0s 
Epoch 129: {'CarbonCE': 0.356, 'NitroCE': 0.211, 'OxyCE': 0.258, 'FluorCE': 0.009} -- {'NoBondCE': 0.317, 'SingleCE': 0.296, 'DoubleCE': 0.058, 'TripleCE': 0.021, 'AromaticCE': 0.0}
Starting epoch 130
Train epoch 130 ends
Epoch 130 finished: X: 0.46 -- charges: 0.08 -- E: 0.37 -- y: -1.00 -- 96.2s 
Epoch 130: {'CarbonCE': 0.356, 'NitroCE': 0.212, 'OxyCE': 0.258, 'FluorCE': 0.008} -- {'NoBondCE': 0.317, 'SingleCE': 0.296, 'DoubleCE': 0.058, 'TripleCE': 0.021, 'AromaticCE': 0.0}
Starting epoch 131
Train epoch 131 ends
Epoch 131 finished: X: 0.46 -- charges: 0.08 -- E: 0.37 -- y: -1.00 -- 96.2s 
Epoch 131: {'CarbonCE': 0.354, 'NitroCE': 0.21, 'OxyCE': 0.257, 'FluorCE': 0.008} -- {'NoBondCE': 0.316, 'SingleCE': 0.295, 'DoubleCE': 0.058, 'TripleCE': 0.021, 'AromaticCE': 0.0}
Starting epoch 132
Train epoch 132 ends
Epoch 132 finished: X: 0.46 -- charges: 0.08 -- E: 0.37 -- y: -1.00 -- 96.1s 
Epoch 132: {'CarbonCE': 0.357, 'NitroCE': 0.211, 'OxyCE': 0.259, 'FluorCE': 0.009} -- {'NoBondCE': 0.317, 'SingleCE': 0.297, 'DoubleCE': 0.058, 'TripleCE': 0.021, 'AromaticCE': 0.0}
Starting epoch 133
Train epoch 133 ends
Epoch 133 finished: X: 0.46 -- charges: 0.08 -- E: 0.37 -- y: -1.00 -- 95.8s 
Epoch 133: {'CarbonCE': 0.356, 'NitroCE': 0.211, 'OxyCE': 0.259, 'FluorCE': 0.008} -- {'NoBondCE': 0.317, 'SingleCE': 0.297, 'DoubleCE': 0.058, 'TripleCE': 0.021, 'AromaticCE': 0.0}
Starting epoch 134
Epoch 134: val/epoch_NLL: 69.57 -- val/X_kl: 3.13 -- val/E_kl: 65.28 -- val/charges_kl: 0.60 
Val loss: 69.5721 	 Best val loss:  67.5462

Val epoch 134 ends
Train epoch 134 ends
Epoch 134 finished: X: 0.46 -- charges: 0.08 -- E: 0.37 -- y: -1.00 -- 106.9s 
Epoch 134: {'CarbonCE': 0.356, 'NitroCE': 0.211, 'OxyCE': 0.258, 'FluorCE': 0.008} -- {'NoBondCE': 0.316, 'SingleCE': 0.296, 'DoubleCE': 0.058, 'TripleCE': 0.021, 'AromaticCE': 0.0}
Starting epoch 135
Train epoch 135 ends
Epoch 135 finished: X: 0.46 -- charges: 0.08 -- E: 0.37 -- y: -1.00 -- 96.6s 
Epoch 135: {'CarbonCE': 0.355, 'NitroCE': 0.211, 'OxyCE': 0.257, 'FluorCE': 0.009} -- {'NoBondCE': 0.316, 'SingleCE': 0.296, 'DoubleCE': 0.058, 'TripleCE': 0.021, 'AromaticCE': 0.0}
Starting epoch 136
Train epoch 136 ends
Epoch 136 finished: X: 0.46 -- charges: 0.08 -- E: 0.37 -- y: -1.00 -- 97.3s 
Epoch 136: {'CarbonCE': 0.355, 'NitroCE': 0.211, 'OxyCE': 0.257, 'FluorCE': 0.009} -- {'NoBondCE': 0.316, 'SingleCE': 0.296, 'DoubleCE': 0.058, 'TripleCE': 0.021, 'AromaticCE': 0.0}
Starting epoch 137
Train epoch 137 ends
Epoch 137 finished: X: 0.46 -- charges: 0.08 -- E: 0.37 -- y: -1.00 -- 97.2s 
Epoch 137: {'CarbonCE': 0.355, 'NitroCE': 0.211, 'OxyCE': 0.258, 'FluorCE': 0.009} -- {'NoBondCE': 0.316, 'SingleCE': 0.296, 'DoubleCE': 0.058, 'TripleCE': 0.021, 'AromaticCE': 0.0}
Starting epoch 138
Train epoch 138 ends
Epoch 138 finished: X: 0.46 -- charges: 0.08 -- E: 0.37 -- y: -1.00 -- 95.2s 
Epoch 138: {'CarbonCE': 0.354, 'NitroCE': 0.21, 'OxyCE': 0.257, 'FluorCE': 0.008} -- {'NoBondCE': 0.316, 'SingleCE': 0.295, 'DoubleCE': 0.058, 'TripleCE': 0.021, 'AromaticCE': 0.0}
Starting epoch 139
Epoch 139: val/epoch_NLL: 68.87 -- val/X_kl: 3.09 -- val/E_kl: 64.66 -- val/charges_kl: 0.58 
Val loss: 68.8700 	 Best val loss:  67.5462

Val epoch 139 ends
Train epoch 139 ends
Epoch 139 finished: X: 0.46 -- charges: 0.08 -- E: 0.37 -- y: -1.00 -- 105.5s 
Epoch 139: {'CarbonCE': 0.355, 'NitroCE': 0.211, 'OxyCE': 0.258, 'FluorCE': 0.009} -- {'NoBondCE': 0.316, 'SingleCE': 0.296, 'DoubleCE': 0.058, 'TripleCE': 0.021, 'AromaticCE': 0.0}
Starting epoch 140
Train epoch 140 ends
Epoch 140 finished: X: 0.46 -- charges: 0.08 -- E: 0.37 -- y: -1.00 -- 98.3s 
Epoch 140: {'CarbonCE': 0.355, 'NitroCE': 0.211, 'OxyCE': 0.257, 'FluorCE': 0.009} -- {'NoBondCE': 0.316, 'SingleCE': 0.296, 'DoubleCE': 0.058, 'TripleCE': 0.021, 'AromaticCE': 0.0}
Starting epoch 141
Train epoch 141 ends
Epoch 141 finished: X: 0.46 -- charges: 0.08 -- E: 0.37 -- y: -1.00 -- 96.5s 
Epoch 141: {'CarbonCE': 0.356, 'NitroCE': 0.211, 'OxyCE': 0.258, 'FluorCE': 0.009} -- {'NoBondCE': 0.317, 'SingleCE': 0.297, 'DoubleCE': 0.058, 'TripleCE': 0.021, 'AromaticCE': 0.0}
Starting epoch 142
Train epoch 142 ends
Epoch 142 finished: X: 0.46 -- charges: 0.08 -- E: 0.37 -- y: -1.00 -- 94.3s 
Epoch 142: {'CarbonCE': 0.354, 'NitroCE': 0.21, 'OxyCE': 0.257, 'FluorCE': 0.009} -- {'NoBondCE': 0.316, 'SingleCE': 0.296, 'DoubleCE': 0.058, 'TripleCE': 0.021, 'AromaticCE': 0.0}
Starting epoch 143
Train epoch 143 ends
Epoch 143 finished: X: 0.46 -- charges: 0.08 -- E: 0.37 -- y: -1.00 -- 94.3s 
Epoch 143: {'CarbonCE': 0.356, 'NitroCE': 0.212, 'OxyCE': 0.258, 'FluorCE': 0.009} -- {'NoBondCE': 0.316, 'SingleCE': 0.296, 'DoubleCE': 0.058, 'TripleCE': 0.021, 'AromaticCE': 0.0}
Starting epoch 144
Epoch 144: val/epoch_NLL: 69.98 -- val/X_kl: 3.10 -- val/E_kl: 65.73 -- val/charges_kl: 0.61 
Val loss: 69.9796 	 Best val loss:  67.5462

Val epoch 144 ends
Train epoch 144 ends
Epoch 144 finished: X: 0.46 -- charges: 0.08 -- E: 0.37 -- y: -1.00 -- 106.5s 
Epoch 144: {'CarbonCE': 0.356, 'NitroCE': 0.211, 'OxyCE': 0.258, 'FluorCE': 0.009} -- {'NoBondCE': 0.316, 'SingleCE': 0.295, 'DoubleCE': 0.058, 'TripleCE': 0.021, 'AromaticCE': 0.0}
Starting epoch 145
Train epoch 145 ends
Epoch 145 finished: X: 0.46 -- charges: 0.08 -- E: 0.37 -- y: -1.00 -- 95.0s 
Epoch 145: {'CarbonCE': 0.356, 'NitroCE': 0.211, 'OxyCE': 0.259, 'FluorCE': 0.009} -- {'NoBondCE': 0.316, 'SingleCE': 0.296, 'DoubleCE': 0.058, 'TripleCE': 0.021, 'AromaticCE': 0.0}
Starting epoch 146
Train epoch 146 ends
Epoch 146 finished: X: 0.46 -- charges: 0.08 -- E: 0.37 -- y: -1.00 -- 95.6s 
Epoch 146: {'CarbonCE': 0.356, 'NitroCE': 0.211, 'OxyCE': 0.258, 'FluorCE': 0.009} -- {'NoBondCE': 0.317, 'SingleCE': 0.296, 'DoubleCE': 0.058, 'TripleCE': 0.021, 'AromaticCE': 0.0}
Starting epoch 147
Train epoch 147 ends
Epoch 147 finished: X: 0.46 -- charges: 0.08 -- E: 0.37 -- y: -1.00 -- 96.2s 
Epoch 147: {'CarbonCE': 0.357, 'NitroCE': 0.211, 'OxyCE': 0.259, 'FluorCE': 0.009} -- {'NoBondCE': 0.317, 'SingleCE': 0.296, 'DoubleCE': 0.058, 'TripleCE': 0.021, 'AromaticCE': 0.0}
Starting epoch 148
Train epoch 148 ends
Epoch 148 finished: X: 0.46 -- charges: 0.08 -- E: 0.37 -- y: -1.00 -- 94.8s 
Epoch 148: {'CarbonCE': 0.356, 'NitroCE': 0.211, 'OxyCE': 0.258, 'FluorCE': 0.008} -- {'NoBondCE': 0.316, 'SingleCE': 0.296, 'DoubleCE': 0.058, 'TripleCE': 0.021, 'AromaticCE': 0.0}
Starting epoch 149
Epoch 149: val/epoch_NLL: 69.20 -- val/X_kl: 3.10 -- val/E_kl: 64.96 -- val/charges_kl: 0.59 
Val loss: 69.2020 	 Best val loss:  67.5462

Val epoch 149 ends
Train epoch 149 ends
Epoch 149 finished: X: 0.46 -- charges: 0.08 -- E: 0.37 -- y: -1.00 -- 109.7s 
Epoch 149: {'CarbonCE': 0.356, 'NitroCE': 0.211, 'OxyCE': 0.258, 'FluorCE': 0.008} -- {'NoBondCE': 0.317, 'SingleCE': 0.296, 'DoubleCE': 0.058, 'TripleCE': 0.021, 'AromaticCE': 0.0}
Starting epoch 150
Train epoch 150 ends
Epoch 150 finished: X: 0.46 -- charges: 0.08 -- E: 0.37 -- y: -1.00 -- 95.6s 
Epoch 150: {'CarbonCE': 0.354, 'NitroCE': 0.21, 'OxyCE': 0.258, 'FluorCE': 0.009} -- {'NoBondCE': 0.316, 'SingleCE': 0.295, 'DoubleCE': 0.058, 'TripleCE': 0.021, 'AromaticCE': 0.0}
Starting epoch 151
Train epoch 151 ends
Epoch 151 finished: X: 0.46 -- charges: 0.08 -- E: 0.37 -- y: -1.00 -- 97.0s 
Epoch 151: {'CarbonCE': 0.355, 'NitroCE': 0.211, 'OxyCE': 0.257, 'FluorCE': 0.009} -- {'NoBondCE': 0.315, 'SingleCE': 0.295, 'DoubleCE': 0.058, 'TripleCE': 0.021, 'AromaticCE': 0.0}
Starting epoch 152
Train epoch 152 ends
Epoch 152 finished: X: 0.46 -- charges: 0.08 -- E: 0.37 -- y: -1.00 -- 94.3s 
Epoch 152: {'CarbonCE': 0.355, 'NitroCE': 0.21, 'OxyCE': 0.257, 'FluorCE': 0.009} -- {'NoBondCE': 0.315, 'SingleCE': 0.295, 'DoubleCE': 0.058, 'TripleCE': 0.021, 'AromaticCE': 0.0}
Starting epoch 153
Train epoch 153 ends
Epoch 153 finished: X: 0.46 -- charges: 0.08 -- E: 0.37 -- y: -1.00 -- 96.2s 
Epoch 153: {'CarbonCE': 0.356, 'NitroCE': 0.211, 'OxyCE': 0.258, 'FluorCE': 0.009} -- {'NoBondCE': 0.316, 'SingleCE': 0.296, 'DoubleCE': 0.058, 'TripleCE': 0.021, 'AromaticCE': 0.0}
Starting epoch 154
Epoch 154: val/epoch_NLL: 68.88 -- val/X_kl: 3.09 -- val/E_kl: 64.64 -- val/charges_kl: 0.59 
Val loss: 68.8821 	 Best val loss:  67.5462

[2026-06-25 19:02:35] Sampling start
[2026-06-25 19:02:35] Sampling a batch with 50 graphs on local rank 0. Saving 50 visualization and 10 full chains.
[2026-06-25 19:02:55] Batch sampled. Visualizing chains starts!
1/10 chains saved on local rank 0.Saving /home/drigoni/repository/ConStruct-Thesis/ConStruct/chains/epoch154/batch50_GR0/molecule_50_0.gif to wandb
wandb: WARNING `fps` argument does not affect the frame rate of the video when providing a file path or raw bytes.
2/10 chains saved on local rank 0.Saving /home/drigoni/repository/ConStruct-Thesis/ConStruct/chains/epoch154/batch50_GR0/molecule_51_0.gif to wandb
wandb: WARNING `fps` argument does not affect the frame rate of the video when providing a file path or raw bytes.
3/10 chains saved on local rank 0.Saving /home/drigoni/repository/ConStruct-Thesis/ConStruct/chains/epoch154/batch50_GR0/molecule_52_0.gif to wandb
wandb: WARNING `fps` argument does not affect the frame rate of the video when providing a file path or raw bytes.
4/10 chains saved on local rank 0.Saving /home/drigoni/repository/ConStruct-Thesis/ConStruct/chains/epoch154/batch50_GR0/molecule_53_0.gif to wandb
wandb: WARNING `fps` argument does not affect the frame rate of the video when providing a file path or raw bytes.
5/10 chains saved on local rank 0.Saving /home/drigoni/repository/ConStruct-Thesis/ConStruct/chains/epoch154/batch50_GR0/molecule_54_0.gif to wandb
wandb: WARNING `fps` argument does not affect the frame rate of the video when providing a file path or raw bytes.
6/10 chains saved on local rank 0.Saving /home/drigoni/repository/ConStruct-Thesis/ConStruct/chains/epoch154/batch50_GR0/molecule_55_0.gif to wandb
wandb: WARNING `fps` argument does not affect the frame rate of the video when providing a file path or raw bytes.
7/10 chains saved on local rank 0.Saving /home/drigoni/repository/ConStruct-Thesis/ConStruct/chains/epoch154/batch50_GR0/molecule_56_0.gif to wandb
wandb: WARNING `fps` argument does not affect the frame rate of the video when providing a file path or raw bytes.
8/10 chains saved on local rank 0.Saving /home/drigoni/repository/ConStruct-Thesis/ConStruct/chains/epoch154/batch50_GR0/molecule_57_0.gif to wandb
wandb: WARNING `fps` argument does not affect the frame rate of the video when providing a file path or raw bytes.
9/10 chains saved on local rank 0.Saving /home/drigoni/repository/ConStruct-Thesis/ConStruct/chains/epoch154/batch50_GR0/molecule_58_0.gif to wandb
wandb: WARNING `fps` argument does not affect the frame rate of the video when providing a file path or raw bytes.
10/10 chains saved on local rank 0.Saving /home/drigoni/repository/ConStruct-Thesis/ConStruct/chains/epoch154/batch50_GR0/molecule_59_0.gif to wandb
wandb: WARNING `fps` argument does not affect the frame rate of the video when providing a file path or raw bytes.
[2026-06-25 19:03:24] Visualizing 50 graphs out of 50
Saving /home/drigoni/repository/ConStruct-Thesis/ConStruct/graphs/qm9_thesis_no_constraint/epoch154_b50/graph_0.png to wandb
Saving /home/drigoni/repository/ConStruct-Thesis/ConStruct/graphs/qm9_thesis_no_constraint/epoch154_b50/graph_1.png to wandb
Saving /home/drigoni/repository/ConStruct-Thesis/ConStruct/graphs/qm9_thesis_no_constraint/epoch154_b50/graph_2.png to wandb
[2026-06-25 19:03:25] Done.
[2026-06-25 19:03:25] Sampling a batch with 206 graphs on local rank 0. Saving 0 visualization and 0 full chains.
[2026-06-25 19:03:50] Done.
[2026-06-25 19:03:50] Sampled 2 batches on local rank 0. Sampling took 75.68 seconds

[2026-06-25 19:03:50] Computing sampling metrics on 0...
Error messages: AtomValence 7, Kekulize 0, other 0,  -- No error 249
Traceback (most recent call last):
  File "/home/drigoni/Programs/miniconda/envs/construct/lib/python3.10/multiprocessing/util.py", line 300, in _run_finalizers
    finalizer()
  File "/home/drigoni/Programs/miniconda/envs/construct/lib/python3.10/multiprocessing/util.py", line 224, in __call__
    res = self._callback(*self._args, **self._kwargs)
  File "/home/drigoni/Programs/miniconda/envs/construct/lib/python3.10/multiprocessing/util.py", line 133, in _remove_temp_dir
    rmtree(tempdir)
  File "/home/drigoni/Programs/miniconda/envs/construct/lib/python3.10/shutil.py", line 725, in rmtree
    _rmtree_safe_fd(fd, path, onerror)
  File "/home/drigoni/Programs/miniconda/envs/construct/lib/python3.10/shutil.py", line 681, in _rmtree_safe_fd
    onerror(os.unlink, fullname, sys.exc_info())
  File "/home/drigoni/Programs/miniconda/envs/construct/lib/python3.10/shutil.py", line 679, in _rmtree_safe_fd
    os.unlink(entry.name, dir_fd=topfd)
OSError: [Errno 16] Device or resource busy: '.nfs0000000015505b0100001c30'
Some generated smiles: CC12C3CC4C(C31)C42O CC1(C)C2C(O)C[NH+]21 CC1CC1CC(=O)C#N COCCC1(C)COC1 CC1(O)CCC(O)C1=O CC(C)C#CC1(C)CN1 NC1=CN=CNN=C1O CC1(CO)CC1OC=O CC12CC1(O)C1C[NH+]12 CC1(C)C2CC1(C=O)C2

================================================================================
📊 CONSTRAINT SATISFACTION RESULTS
================================================================================

📋 **Definitions**:
• **FCD** — Fréchet ChemNet Distance computed on valid canonical SMILES; lower is better
• **Unique/Novel/Valid** — proportions computed over all generated molecules (not only valid)
• **Disconnected** — share of graphs with >1 connected component
• **Property satisfied** — share of generated graphs meeting the enforced structural constraint
• **V.U.N.** — product of Valid × Unique × Novel (in [0,100]%)

🔍 **LOGGING TO WANDB**:
============================================================
  val_sampling/NumNodesW1: 0.021354764699935913
  val_sampling/NodeTypesTV: 0.01666836068034172
  val_sampling/EdgeTypesTV: 0.05467994511127472
  val_sampling/Disconnected: 1.171875
  val_sampling/MeanComponents: 1.01171875
  val_sampling/MaxComponents: 2.0
  val_sampling/planarity: 1.0
  val_sampling/no_cycles: 0.08203125
  val_sampling/lobster_components: 0.08203125
  val_sampling/generated_deg_hist: <wandb.sdk.data_types.histogram.Histogram object at 0x7f07270b9510>
  val_sampling/diff_deg_hist: <wandb.sdk.data_types.histogram.Histogram object at 0x7f0726f922c0>
  val_sampling/abs_diff_deg_hist: <wandb.sdk.data_types.histogram.Histogram object at 0x7f0726f93220>
  val_sampling/Validity: 97.265625
  val_sampling/Uniqueness: 100.0
  val_sampling/Novelty: 88.35341334342957
  val_sampling/fcd score: 2.2352303889389162
============================================================


🎯 CORE METRICS:
================================================================================
qm9_thesis_no_constraint — VAL — QM9
Constraint: No structural constraint · N=256 · diffusion_steps=500 · sampler=reverse

+-------------------------+--------------------+
| Metric                  | Value                |
+-------------------------+--------------------+
| Molecules generated (N) | 256                  |
| FCD                     | 2.235                |
| Unique (%)              | 100.0%               |
| Novel (%)               | 88.3534%             |
| Valid (%)               | 97.2656%             |
| Disconnected (%)        | 1.1719%              |
| Property satisfied (%)  | —                    |
| V.U.N. (%)              | 85.9375%             |
+-------------------------+--------------------+


🏗️ STRUCTURAL CONSTRAINT SATISFACTION:
================================================================================
qm9_thesis_no_constraint — VAL — QM9 — Structural
Constraint: No structural constraint · N=256 · diffusion_steps=500 · sampler=reverse

+---------------------------+--------------------------+
| Metric                    | Value                      |
+---------------------------+--------------------------+
| Constraint                | No structural constraint   |
| Ring count 0 (%)          | 8.2031%                    |
| Ring count 1 (%)          | 35.5469%                   |
| Ring count 2 (%)          | 9.375%                     |
| Ring count 3 (%)          | 22.2656%                   |
| Ring count 4 (%)          | 1.9531%                    |
| Ring count 5 (%)          | 0.3906%                    |
| Ring count 6 (%)          | 8.9844%                    |
| Ring count 7 (%)          | 8.2031%                    |
| Ring count 8 (%)          | 0.0%                       |
| Ring count 9+ (%)         | 5.0781%                    |
| Acyclic (max len 0) (%)   | 8.2031%                    |
| Ring length 3 (max) (%)   | 10.9375%                   |
| Ring length 4 (max) (%)   | 12.5%                      |
| Ring length 5 (max) (%)   | 24.2188%                   |
| Ring length 6 (max) (%)   | 22.2656%                   |
| Ring length 7 (max) (%)   | 12.5%                      |
| Ring length 8 (max) (%)   | 7.0312%                    |
| Ring length 9 (max) (%)   | 2.3438%                    |
| Ring length 10 (max) (%)  | 0.0%                       |
| Ring length 11 (max) (%)  | 0.0%                       |
| Ring length 12 (max) (%)  | 0.0%                       |
| Ring length >12 (max) (%) | 0.0%                       |
+---------------------------+--------------------------+


⏱️ TIMING METRICS:
================================================================================
qm9_thesis_no_constraint — VAL — QM9 — Timing
Constraint: No structural constraint · N=256 · diffusion_steps=500 · sampler=reverse

+---------------------------------+--------------------------------------------------+
| Metric                          | Value                                              |
+---------------------------------+--------------------------------------------------+
| Sampling time (s) for N         | 302.39 for N=256                                   |
| Per-graph sampling time (ms)    | 1181.2                                             |
| Sampling batches                | 8                                                  |
| Projector mean time (ms)        | 0.0 (no projection)                                |
| Projector share of sampling (%) | 0.0% (no projection)                               |
| Wall-clock elapsed (hh:mm)      | 04:18                                              |
| Environment                     | gpu=Tesla V100-FHHL-16GB, torch=2.12.1+cu126, ...  |
+---------------------------------+--------------------------------------------------+


🧪 CHEMISTRY METRICS:
================================================================================
qm9_thesis_no_constraint — VAL — QM9 — Chemistry
Constraint: No structural constraint · N=256 · diffusion_steps=500 · sampler=reverse

+---------------------------------+--------------------+
| Metric                          | Value                |
+---------------------------------+--------------------+
| Valid molecules used (chem)     | 249                  |
| Molecular weight (Da) mean ± sd | 123.1 ± 7.4          |
| Heavy atoms mean ± sd           | 8.8 ± 0.5            |
| Atom composition % (C/N/O/F)    | 72.0/11.1/16.3/0.6   |
+---------------------------------+--------------------+

[VIOLATION TRACKING] Detected constraint: None, value: None
[VIOLATION TRACKING] Enforced constraint: None
[VIOLATION TRACKING] Tracking violations for: []
[VIOLATION TRACKING] Ignoring violations for: ['ring_count', 'ring_length', 'planarity']
[VIOLATIONS] Summary saved to violation_summary_rank0_20260625_190353.txt
Sampling metrics {'val_sampling/NumNodesW1': 0.021, 'val_sampling/NodeTypesTV': 0.017, 'val_sampling/EdgeTypesTV': 0.055, 'val_sampling/Disconnected': 1.172, 'val_sampling/MeanComponents': 1.012, 'val_sampling/MaxComponents': 2.0, 'val_sampling/planarity': 1.0, 'val_sampling/no_cycles': 0.082, 'val_sampling/lobster_components': 0.082, 'val_sampling/generated_deg_hist': [0.001, 0.237, 0.415, 0.279, 0.066, 0.002, 0.0, 0.0, 0.0], 'val_sampling/diff_deg_hist': [0.001, -0.004, -0.017, 0.007, 0.011, 0.001, 0.0, 0.0, 0.0], 'val_sampling/abs_diff_deg_hist': [0.001, 0.004, 0.017, 0.007, 0.011, 0.001, 0.0, 0.0, 0.0], 'val_sampling/Validity': 97.266, 'val_sampling/Uniqueness': 100.0, 'val_sampling/Novelty': 88.353, 'val_sampling/fcd score': 2.235, 'val_sampling/ChargeW1': 0.008, 'val_sampling/ValencyW1': 0.024, 'val_ratio/fcd score': 2.543, 'val_ratio/average': 2.543}
Val epoch 154 ends
Train epoch 154 ends
Epoch 154 finished: X: 0.46 -- charges: 0.08 -- E: 0.37 -- y: -1.00 -- 187.7s 
Epoch 154: {'CarbonCE': 0.356, 'NitroCE': 0.211, 'OxyCE': 0.258, 'FluorCE': 0.008} -- {'NoBondCE': 0.317, 'SingleCE': 0.296, 'DoubleCE': 0.058, 'TripleCE': 0.021, 'AromaticCE': 0.0}
Starting epoch 155
Train epoch 155 ends
Epoch 155 finished: X: 0.46 -- charges: 0.08 -- E: 0.37 -- y: -1.00 -- 97.4s 
Epoch 155: {'CarbonCE': 0.355, 'NitroCE': 0.21, 'OxyCE': 0.258, 'FluorCE': 0.008} -- {'NoBondCE': 0.316, 'SingleCE': 0.296, 'DoubleCE': 0.058, 'TripleCE': 0.021, 'AromaticCE': 0.0}
Starting epoch 156
Train epoch 156 ends
Epoch 156 finished: X: 0.46 -- charges: 0.08 -- E: 0.37 -- y: -1.00 -- 95.1s 
Epoch 156: {'CarbonCE': 0.354, 'NitroCE': 0.21, 'OxyCE': 0.257, 'FluorCE': 0.009} -- {'NoBondCE': 0.315, 'SingleCE': 0.295, 'DoubleCE': 0.058, 'TripleCE': 0.021, 'AromaticCE': 0.0}
Starting epoch 157
Train epoch 157 ends
Epoch 157 finished: X: 0.46 -- charges: 0.08 -- E: 0.37 -- y: -1.00 -- 95.7s 
Epoch 157: {'CarbonCE': 0.355, 'NitroCE': 0.211, 'OxyCE': 0.258, 'FluorCE': 0.008} -- {'NoBondCE': 0.315, 'SingleCE': 0.295, 'DoubleCE': 0.058, 'TripleCE': 0.021, 'AromaticCE': 0.0}
Starting epoch 158
Train epoch 158 ends
Epoch 158 finished: X: 0.46 -- charges: 0.08 -- E: 0.37 -- y: -1.00 -- 98.4s 
Epoch 158: {'CarbonCE': 0.356, 'NitroCE': 0.211, 'OxyCE': 0.258, 'FluorCE': 0.009} -- {'NoBondCE': 0.316, 'SingleCE': 0.295, 'DoubleCE': 0.058, 'TripleCE': 0.021, 'AromaticCE': 0.0}
Starting epoch 159
Epoch 159: val/epoch_NLL: 68.82 -- val/X_kl: 3.06 -- val/E_kl: 64.64 -- val/charges_kl: 0.58 
Val loss: 68.8174 	 Best val loss:  67.5462

Val epoch 159 ends
Train epoch 159 ends
Epoch 159 finished: X: 0.46 -- charges: 0.08 -- E: 0.37 -- y: -1.00 -- 109.3s 
Epoch 159: {'CarbonCE': 0.355, 'NitroCE': 0.211, 'OxyCE': 0.258, 'FluorCE': 0.008} -- {'NoBondCE': 0.316, 'SingleCE': 0.295, 'DoubleCE': 0.058, 'TripleCE': 0.021, 'AromaticCE': 0.0}
Starting epoch 160
Train epoch 160 ends
Epoch 160 finished: X: 0.46 -- charges: 0.08 -- E: 0.37 -- y: -1.00 -- 95.0s 
Epoch 160: {'CarbonCE': 0.355, 'NitroCE': 0.21, 'OxyCE': 0.258, 'FluorCE': 0.008} -- {'NoBondCE': 0.315, 'SingleCE': 0.295, 'DoubleCE': 0.058, 'TripleCE': 0.021, 'AromaticCE': 0.0}
Starting epoch 161
Train epoch 161 ends
Epoch 161 finished: X: 0.46 -- charges: 0.08 -- E: 0.37 -- y: -1.00 -- 95.6s 
Epoch 161: {'CarbonCE': 0.355, 'NitroCE': 0.211, 'OxyCE': 0.258, 'FluorCE': 0.008} -- {'NoBondCE': 0.316, 'SingleCE': 0.296, 'DoubleCE': 0.058, 'TripleCE': 0.021, 'AromaticCE': 0.0}
Starting epoch 162
Train epoch 162 ends
Epoch 162 finished: X: 0.46 -- charges: 0.08 -- E: 0.37 -- y: -1.00 -- 96.9s 
Epoch 162: {'CarbonCE': 0.355, 'NitroCE': 0.21, 'OxyCE': 0.258, 'FluorCE': 0.009} -- {'NoBondCE': 0.316, 'SingleCE': 0.296, 'DoubleCE': 0.058, 'TripleCE': 0.021, 'AromaticCE': 0.0}
Starting epoch 163
Train epoch 163 ends
Epoch 163 finished: X: 0.46 -- charges: 0.08 -- E: 0.37 -- y: -1.00 -- 95.9s 
Epoch 163: {'CarbonCE': 0.354, 'NitroCE': 0.21, 'OxyCE': 0.257, 'FluorCE': 0.008} -- {'NoBondCE': 0.315, 'SingleCE': 0.295, 'DoubleCE': 0.058, 'TripleCE': 0.021, 'AromaticCE': 0.0}
Starting epoch 164
Epoch 164: val/epoch_NLL: 70.30 -- val/X_kl: 3.08 -- val/E_kl: 66.09 -- val/charges_kl: 0.60 
Val loss: 70.2977 	 Best val loss:  67.5462

Val epoch 164 ends
Train epoch 164 ends
Epoch 164 finished: X: 0.46 -- charges: 0.08 -- E: 0.37 -- y: -1.00 -- 108.0s 
Epoch 164: {'CarbonCE': 0.356, 'NitroCE': 0.211, 'OxyCE': 0.258, 'FluorCE': 0.008} -- {'NoBondCE': 0.316, 'SingleCE': 0.296, 'DoubleCE': 0.058, 'TripleCE': 0.021, 'AromaticCE': 0.0}
Starting epoch 165
Train epoch 165 ends
Epoch 165 finished: X: 0.46 -- charges: 0.08 -- E: 0.37 -- y: -1.00 -- 96.0s 
Epoch 165: {'CarbonCE': 0.356, 'NitroCE': 0.211, 'OxyCE': 0.258, 'FluorCE': 0.008} -- {'NoBondCE': 0.316, 'SingleCE': 0.296, 'DoubleCE': 0.058, 'TripleCE': 0.021, 'AromaticCE': 0.0}
Starting epoch 166
Train epoch 166 ends
Epoch 166 finished: X: 0.46 -- charges: 0.08 -- E: 0.37 -- y: -1.00 -- 97.4s 
Epoch 166: {'CarbonCE': 0.355, 'NitroCE': 0.211, 'OxyCE': 0.257, 'FluorCE': 0.009} -- {'NoBondCE': 0.315, 'SingleCE': 0.295, 'DoubleCE': 0.058, 'TripleCE': 0.021, 'AromaticCE': 0.0}
Starting epoch 167
Train epoch 167 ends
Epoch 167 finished: X: 0.46 -- charges: 0.08 -- E: 0.37 -- y: -1.00 -- 96.2s 
Epoch 167: {'CarbonCE': 0.356, 'NitroCE': 0.211, 'OxyCE': 0.258, 'FluorCE': 0.009} -- {'NoBondCE': 0.316, 'SingleCE': 0.296, 'DoubleCE': 0.058, 'TripleCE': 0.021, 'AromaticCE': 0.0}
Starting epoch 168
Train epoch 168 ends
Epoch 168 finished: X: 0.46 -- charges: 0.08 -- E: 0.37 -- y: -1.00 -- 94.3s 
Epoch 168: {'CarbonCE': 0.355, 'NitroCE': 0.211, 'OxyCE': 0.258, 'FluorCE': 0.009} -- {'NoBondCE': 0.316, 'SingleCE': 0.296, 'DoubleCE': 0.058, 'TripleCE': 0.021, 'AromaticCE': 0.0}
Starting epoch 169
Epoch 169: val/epoch_NLL: 69.38 -- val/X_kl: 3.10 -- val/E_kl: 65.16 -- val/charges_kl: 0.58 
Val loss: 69.3830 	 Best val loss:  67.5462

Val epoch 169 ends
Train epoch 169 ends
Epoch 169 finished: X: 0.46 -- charges: 0.08 -- E: 0.37 -- y: -1.00 -- 108.6s 
Epoch 169: {'CarbonCE': 0.355, 'NitroCE': 0.211, 'OxyCE': 0.258, 'FluorCE': 0.008} -- {'NoBondCE': 0.315, 'SingleCE': 0.295, 'DoubleCE': 0.058, 'TripleCE': 0.021, 'AromaticCE': 0.0}
Starting epoch 170
Train epoch 170 ends
Epoch 170 finished: X: 0.46 -- charges: 0.08 -- E: 0.37 -- y: -1.00 -- 95.1s 
Epoch 170: {'CarbonCE': 0.354, 'NitroCE': 0.21, 'OxyCE': 0.257, 'FluorCE': 0.008} -- {'NoBondCE': 0.316, 'SingleCE': 0.296, 'DoubleCE': 0.058, 'TripleCE': 0.021, 'AromaticCE': 0.0}
Starting epoch 171
Train epoch 171 ends
Epoch 171 finished: X: 0.46 -- charges: 0.08 -- E: 0.37 -- y: -1.00 -- 94.7s 
Epoch 171: {'CarbonCE': 0.355, 'NitroCE': 0.211, 'OxyCE': 0.258, 'FluorCE': 0.008} -- {'NoBondCE': 0.316, 'SingleCE': 0.295, 'DoubleCE': 0.058, 'TripleCE': 0.021, 'AromaticCE': 0.0}
Starting epoch 172
Train epoch 172 ends
Epoch 172 finished: X: 0.46 -- charges: 0.08 -- E: 0.37 -- y: -1.00 -- 96.8s 
Epoch 172: {'CarbonCE': 0.354, 'NitroCE': 0.21, 'OxyCE': 0.257, 'FluorCE': 0.009} -- {'NoBondCE': 0.315, 'SingleCE': 0.295, 'DoubleCE': 0.058, 'TripleCE': 0.021, 'AromaticCE': 0.0}
Starting epoch 173
Train epoch 173 ends
Epoch 173 finished: X: 0.46 -- charges: 0.08 -- E: 0.37 -- y: -1.00 -- 96.3s 
Epoch 173: {'CarbonCE': 0.354, 'NitroCE': 0.209, 'OxyCE': 0.257, 'FluorCE': 0.009} -- {'NoBondCE': 0.315, 'SingleCE': 0.295, 'DoubleCE': 0.058, 'TripleCE': 0.021, 'AromaticCE': 0.0}
Starting epoch 174
Epoch 174: val/epoch_NLL: 70.35 -- val/X_kl: 3.08 -- val/E_kl: 66.11 -- val/charges_kl: 0.60 
Val loss: 70.3500 	 Best val loss:  67.5462

Val epoch 174 ends
Train epoch 174 ends
Epoch 174 finished: X: 0.46 -- charges: 0.08 -- E: 0.37 -- y: -1.00 -- 106.6s 
Epoch 174: {'CarbonCE': 0.355, 'NitroCE': 0.21, 'OxyCE': 0.258, 'FluorCE': 0.009} -- {'NoBondCE': 0.315, 'SingleCE': 0.295, 'DoubleCE': 0.058, 'TripleCE': 0.021, 'AromaticCE': 0.0}
Starting epoch 175
Train epoch 175 ends
Epoch 175 finished: X: 0.46 -- charges: 0.08 -- E: 0.37 -- y: -1.00 -- 95.5s 
Epoch 175: {'CarbonCE': 0.355, 'NitroCE': 0.21, 'OxyCE': 0.258, 'FluorCE': 0.009} -- {'NoBondCE': 0.315, 'SingleCE': 0.295, 'DoubleCE': 0.058, 'TripleCE': 0.021, 'AromaticCE': 0.0}
Starting epoch 176
Train epoch 176 ends
Epoch 176 finished: X: 0.46 -- charges: 0.08 -- E: 0.37 -- y: -1.00 -- 95.4s 
Epoch 176: {'CarbonCE': 0.356, 'NitroCE': 0.211, 'OxyCE': 0.258, 'FluorCE': 0.009} -- {'NoBondCE': 0.316, 'SingleCE': 0.296, 'DoubleCE': 0.058, 'TripleCE': 0.021, 'AromaticCE': 0.0}
Starting epoch 177
Train epoch 177 ends
Epoch 177 finished: X: 0.46 -- charges: 0.08 -- E: 0.37 -- y: -1.00 -- 95.8s 
Epoch 177: {'CarbonCE': 0.356, 'NitroCE': 0.211, 'OxyCE': 0.258, 'FluorCE': 0.009} -- {'NoBondCE': 0.315, 'SingleCE': 0.295, 'DoubleCE': 0.058, 'TripleCE': 0.021, 'AromaticCE': 0.0}
Starting epoch 178
Train epoch 178 ends
Epoch 178 finished: X: 0.46 -- charges: 0.08 -- E: 0.37 -- y: -1.00 -- 95.7s 
Epoch 178: {'CarbonCE': 0.353, 'NitroCE': 0.21, 'OxyCE': 0.256, 'FluorCE': 0.008} -- {'NoBondCE': 0.314, 'SingleCE': 0.294, 'DoubleCE': 0.058, 'TripleCE': 0.021, 'AromaticCE': 0.0}
Starting epoch 179
Epoch 179: val/epoch_NLL: 68.89 -- val/X_kl: 3.07 -- val/E_kl: 64.69 -- val/charges_kl: 0.57 
Val loss: 68.8881 	 Best val loss:  67.5462

Val epoch 179 ends
Train epoch 179 ends
Epoch 179 finished: X: 0.46 -- charges: 0.08 -- E: 0.37 -- y: -1.00 -- 106.7s 
Epoch 179: {'CarbonCE': 0.355, 'NitroCE': 0.21, 'OxyCE': 0.258, 'FluorCE': 0.008} -- {'NoBondCE': 0.315, 'SingleCE': 0.295, 'DoubleCE': 0.058, 'TripleCE': 0.021, 'AromaticCE': 0.0}
Starting epoch 180
Train epoch 180 ends
Epoch 180 finished: X: 0.46 -- charges: 0.08 -- E: 0.37 -- y: -1.00 -- 95.3s 
Epoch 180: {'CarbonCE': 0.355, 'NitroCE': 0.211, 'OxyCE': 0.257, 'FluorCE': 0.009} -- {'NoBondCE': 0.315, 'SingleCE': 0.295, 'DoubleCE': 0.058, 'TripleCE': 0.021, 'AromaticCE': 0.0}
Starting epoch 181
Train epoch 181 ends
Epoch 181 finished: X: 0.46 -- charges: 0.08 -- E: 0.37 -- y: -1.00 -- 96.8s 
Epoch 181: {'CarbonCE': 0.355, 'NitroCE': 0.211, 'OxyCE': 0.257, 'FluorCE': 0.008} -- {'NoBondCE': 0.315, 'SingleCE': 0.295, 'DoubleCE': 0.058, 'TripleCE': 0.021, 'AromaticCE': 0.0}
Starting epoch 182
Train epoch 182 ends
Epoch 182 finished: X: 0.46 -- charges: 0.08 -- E: 0.37 -- y: -1.00 -- 96.3s 
Epoch 182: {'CarbonCE': 0.355, 'NitroCE': 0.21, 'OxyCE': 0.257, 'FluorCE': 0.009} -- {'NoBondCE': 0.315, 'SingleCE': 0.295, 'DoubleCE': 0.058, 'TripleCE': 0.021, 'AromaticCE': 0.0}
Starting epoch 183
Train epoch 183 ends
Epoch 183 finished: X: 0.46 -- charges: 0.08 -- E: 0.37 -- y: -1.00 -- 95.1s 
Epoch 183: {'CarbonCE': 0.356, 'NitroCE': 0.211, 'OxyCE': 0.258, 'FluorCE': 0.009} -- {'NoBondCE': 0.315, 'SingleCE': 0.295, 'DoubleCE': 0.058, 'TripleCE': 0.021, 'AromaticCE': 0.0}
Starting epoch 184
Epoch 184: val/epoch_NLL: 68.43 -- val/X_kl: 3.09 -- val/E_kl: 64.21 -- val/charges_kl: 0.59 
Val loss: 68.4310 	 Best val loss:  67.5462

Val epoch 184 ends
Train epoch 184 ends
Epoch 184 finished: X: 0.46 -- charges: 0.08 -- E: 0.37 -- y: -1.00 -- 106.6s 
Epoch 184: {'CarbonCE': 0.355, 'NitroCE': 0.211, 'OxyCE': 0.258, 'FluorCE': 0.009} -- {'NoBondCE': 0.316, 'SingleCE': 0.295, 'DoubleCE': 0.058, 'TripleCE': 0.021, 'AromaticCE': 0.0}
Starting epoch 185
Train epoch 185 ends
Epoch 185 finished: X: 0.46 -- charges: 0.08 -- E: 0.37 -- y: -1.00 -- 96.3s 
Epoch 185: {'CarbonCE': 0.355, 'NitroCE': 0.211, 'OxyCE': 0.258, 'FluorCE': 0.008} -- {'NoBondCE': 0.315, 'SingleCE': 0.295, 'DoubleCE': 0.058, 'TripleCE': 0.021, 'AromaticCE': 0.0}
Starting epoch 186
Train epoch 186 ends
Epoch 186 finished: X: 0.46 -- charges: 0.08 -- E: 0.37 -- y: -1.00 -- 91.1s 
Epoch 186: {'CarbonCE': 0.355, 'NitroCE': 0.211, 'OxyCE': 0.258, 'FluorCE': 0.008} -- {'NoBondCE': 0.316, 'SingleCE': 0.296, 'DoubleCE': 0.058, 'TripleCE': 0.021, 'AromaticCE': 0.0}
Starting epoch 187
Train epoch 187 ends
Epoch 187 finished: X: 0.46 -- charges: 0.08 -- E: 0.37 -- y: -1.00 -- 95.2s 
Epoch 187: {'CarbonCE': 0.354, 'NitroCE': 0.209, 'OxyCE': 0.257, 'FluorCE': 0.009} -- {'NoBondCE': 0.314, 'SingleCE': 0.295, 'DoubleCE': 0.058, 'TripleCE': 0.021, 'AromaticCE': 0.0}
Starting epoch 188
Train epoch 188 ends
Epoch 188 finished: X: 0.46 -- charges: 0.08 -- E: 0.37 -- y: -1.00 -- 96.7s 
Epoch 188: {'CarbonCE': 0.355, 'NitroCE': 0.21, 'OxyCE': 0.258, 'FluorCE': 0.008} -- {'NoBondCE': 0.315, 'SingleCE': 0.295, 'DoubleCE': 0.058, 'TripleCE': 0.021, 'AromaticCE': 0.0}
Starting epoch 189
Epoch 189: val/epoch_NLL: 68.11 -- val/X_kl: 3.10 -- val/E_kl: 63.90 -- val/charges_kl: 0.56 
Val loss: 68.1129 	 Best val loss:  67.5462

Val epoch 189 ends
Train epoch 189 ends
Epoch 189 finished: X: 0.46 -- charges: 0.08 -- E: 0.37 -- y: -1.00 -- 108.5s 
Epoch 189: {'CarbonCE': 0.355, 'NitroCE': 0.21, 'OxyCE': 0.257, 'FluorCE': 0.008} -- {'NoBondCE': 0.314, 'SingleCE': 0.294, 'DoubleCE': 0.058, 'TripleCE': 0.021, 'AromaticCE': 0.0}
Starting epoch 190
Train epoch 190 ends
Epoch 190 finished: X: 0.46 -- charges: 0.08 -- E: 0.37 -- y: -1.00 -- 94.3s 
Epoch 190: {'CarbonCE': 0.355, 'NitroCE': 0.211, 'OxyCE': 0.257, 'FluorCE': 0.009} -- {'NoBondCE': 0.315, 'SingleCE': 0.295, 'DoubleCE': 0.058, 'TripleCE': 0.021, 'AromaticCE': 0.0}
Starting epoch 191
Train epoch 191 ends
Epoch 191 finished: X: 0.46 -- charges: 0.08 -- E: 0.37 -- y: -1.00 -- 95.0s 
Epoch 191: {'CarbonCE': 0.354, 'NitroCE': 0.21, 'OxyCE': 0.257, 'FluorCE': 0.008} -- {'NoBondCE': 0.314, 'SingleCE': 0.294, 'DoubleCE': 0.058, 'TripleCE': 0.021, 'AromaticCE': 0.0}
Starting epoch 192
Train epoch 192 ends
Epoch 192 finished: X: 0.46 -- charges: 0.08 -- E: 0.37 -- y: -1.00 -- 95.9s 
Epoch 192: {'CarbonCE': 0.355, 'NitroCE': 0.211, 'OxyCE': 0.257, 'FluorCE': 0.008} -- {'NoBondCE': 0.315, 'SingleCE': 0.294, 'DoubleCE': 0.058, 'TripleCE': 0.021, 'AromaticCE': 0.0}
Starting epoch 193
Train epoch 193 ends
Epoch 193 finished: X: 0.46 -- charges: 0.08 -- E: 0.37 -- y: -1.00 -- 95.7s 
Epoch 193: {'CarbonCE': 0.356, 'NitroCE': 0.211, 'OxyCE': 0.258, 'FluorCE': 0.008} -- {'NoBondCE': 0.315, 'SingleCE': 0.295, 'DoubleCE': 0.058, 'TripleCE': 0.021, 'AromaticCE': 0.0}
Starting epoch 194
Epoch 194: val/epoch_NLL: 69.88 -- val/X_kl: 3.10 -- val/E_kl: 65.62 -- val/charges_kl: 0.60 
Val loss: 69.8778 	 Best val loss:  67.5462

[2026-06-25 20:09:17] Sampling start
[2026-06-25 20:09:17] Sampling a batch with 50 graphs on local rank 0. Saving 50 visualization and 10 full chains.
[2026-06-25 20:09:37] Batch sampled. Visualizing chains starts!
1/10 chains saved on local rank 0.Saving /home/drigoni/repository/ConStruct-Thesis/ConStruct/chains/epoch194/batch50_GR0/molecule_50_0.gif to wandb
wandb: WARNING `fps` argument does not affect the frame rate of the video when providing a file path or raw bytes.
2/10 chains saved on local rank 0.Saving /home/drigoni/repository/ConStruct-Thesis/ConStruct/chains/epoch194/batch50_GR0/molecule_51_0.gif to wandb
wandb: WARNING `fps` argument does not affect the frame rate of the video when providing a file path or raw bytes.
3/10 chains saved on local rank 0.Saving /home/drigoni/repository/ConStruct-Thesis/ConStruct/chains/epoch194/batch50_GR0/molecule_52_0.gif to wandb
wandb: WARNING `fps` argument does not affect the frame rate of the video when providing a file path or raw bytes.
4/10 chains saved on local rank 0.Saving /home/drigoni/repository/ConStruct-Thesis/ConStruct/chains/epoch194/batch50_GR0/molecule_53_0.gif to wandb
wandb: WARNING `fps` argument does not affect the frame rate of the video when providing a file path or raw bytes.
5/10 chains saved on local rank 0.Saving /home/drigoni/repository/ConStruct-Thesis/ConStruct/chains/epoch194/batch50_GR0/molecule_54_0.gif to wandb
wandb: WARNING `fps` argument does not affect the frame rate of the video when providing a file path or raw bytes.
6/10 chains saved on local rank 0.Saving /home/drigoni/repository/ConStruct-Thesis/ConStruct/chains/epoch194/batch50_GR0/molecule_55_0.gif to wandb
wandb: WARNING `fps` argument does not affect the frame rate of the video when providing a file path or raw bytes.
7/10 chains saved on local rank 0.Saving /home/drigoni/repository/ConStruct-Thesis/ConStruct/chains/epoch194/batch50_GR0/molecule_56_0.gif to wandb
wandb: WARNING `fps` argument does not affect the frame rate of the video when providing a file path or raw bytes.
8/10 chains saved on local rank 0.Saving /home/drigoni/repository/ConStruct-Thesis/ConStruct/chains/epoch194/batch50_GR0/molecule_57_0.gif to wandb
wandb: WARNING `fps` argument does not affect the frame rate of the video when providing a file path or raw bytes.
9/10 chains saved on local rank 0.Saving /home/drigoni/repository/ConStruct-Thesis/ConStruct/chains/epoch194/batch50_GR0/molecule_58_0.gif to wandb
wandb: WARNING `fps` argument does not affect the frame rate of the video when providing a file path or raw bytes.
10/10 chains saved on local rank 0.Saving /home/drigoni/repository/ConStruct-Thesis/ConStruct/chains/epoch194/batch50_GR0/molecule_59_0.gif to wandb
wandb: WARNING `fps` argument does not affect the frame rate of the video when providing a file path or raw bytes.
[2026-06-25 20:10:05] Visualizing 50 graphs out of 50
Saving /home/drigoni/repository/ConStruct-Thesis/ConStruct/graphs/qm9_thesis_no_constraint/epoch194_b50/graph_0.png to wandb
Saving /home/drigoni/repository/ConStruct-Thesis/ConStruct/graphs/qm9_thesis_no_constraint/epoch194_b50/graph_1.png to wandb
Saving /home/drigoni/repository/ConStruct-Thesis/ConStruct/graphs/qm9_thesis_no_constraint/epoch194_b50/graph_2.png to wandb
[2026-06-25 20:10:06] Done.
[2026-06-25 20:10:06] Sampling a batch with 206 graphs on local rank 0. Saving 0 visualization and 0 full chains.
[2026-06-25 20:10:32] Done.
[2026-06-25 20:10:32] Sampled 2 batches on local rank 0. Sampling took 74.33 seconds

[2026-06-25 20:10:32] Computing sampling metrics on 0...
Error messages: AtomValence 1, Kekulize 0, other 0,  -- No error 255
Traceback (most recent call last):
  File "/home/drigoni/Programs/miniconda/envs/construct/lib/python3.10/multiprocessing/util.py", line 300, in _run_finalizers
    finalizer()
  File "/home/drigoni/Programs/miniconda/envs/construct/lib/python3.10/multiprocessing/util.py", line 224, in __call__
    res = self._callback(*self._args, **self._kwargs)
  File "/home/drigoni/Programs/miniconda/envs/construct/lib/python3.10/multiprocessing/util.py", line 133, in _remove_temp_dir
    rmtree(tempdir)
  File "/home/drigoni/Programs/miniconda/envs/construct/lib/python3.10/shutil.py", line 725, in rmtree
    _rmtree_safe_fd(fd, path, onerror)
  File "/home/drigoni/Programs/miniconda/envs/construct/lib/python3.10/shutil.py", line 681, in _rmtree_safe_fd
    onerror(os.unlink, fullname, sys.exc_info())
  File "/home/drigoni/Programs/miniconda/envs/construct/lib/python3.10/shutil.py", line 679, in _rmtree_safe_fd
    os.unlink(entry.name, dir_fd=topfd)
OSError: [Errno 16] Device or resource busy: '.nfs0000000015505f8600001c31'
Some generated smiles: CCC1C(C)C2C(C)C12 CC12COCC1C2O OC12CC(CC3OC31)C2 N#CC(N)=NO C#CC1CC=CC12CO2 CC1(C=O)OCC2CC21 N#CC1CNC(=O)C1 CC#CC(C)C1CC1O OCC1C[NH+]2CC2CO1 C1C2C[NH+]3C1C23

================================================================================
📊 CONSTRAINT SATISFACTION RESULTS
================================================================================

📋 **Definitions**:
• **FCD** — Fréchet ChemNet Distance computed on valid canonical SMILES; lower is better
• **Unique/Novel/Valid** — proportions computed over all generated molecules (not only valid)
• **Disconnected** — share of graphs with >1 connected component
• **Property satisfied** — share of generated graphs meeting the enforced structural constraint
• **V.U.N.** — product of Valid × Unique × Novel (in [0,100]%)

🔍 **LOGGING TO WANDB**:
============================================================
  val_sampling/NumNodesW1: 0.021841635927557945
  val_sampling/NodeTypesTV: 0.016158854588866234
  val_sampling/EdgeTypesTV: 0.05953240394592285
  val_sampling/Disconnected: 1.953125
  val_sampling/MeanComponents: 1.01953125
  val_sampling/MaxComponents: 2.0
  val_sampling/planarity: 1.0
  val_sampling/no_cycles: 0.08984375
  val_sampling/lobster_components: 0.08984375
  val_sampling/generated_deg_hist: <wandb.sdk.data_types.histogram.Histogram object at 0x7f0753531330>
  val_sampling/diff_deg_hist: <wandb.sdk.data_types.histogram.Histogram object at 0x7f0726f91d20>
  val_sampling/abs_diff_deg_hist: <wandb.sdk.data_types.histogram.Histogram object at 0x7f074cb95660>
  val_sampling/Validity: 99.609375
  val_sampling/Uniqueness: 100.0
  val_sampling/Novelty: 88.6274516582489
  val_sampling/fcd score: 2.4594692895560044
============================================================


🎯 CORE METRICS:
================================================================================
qm9_thesis_no_constraint — VAL — QM9
Constraint: No structural constraint · N=256 · diffusion_steps=500 · sampler=reverse

+-------------------------+--------------------+
| Metric                  | Value                |
+-------------------------+--------------------+
| Molecules generated (N) | 256                  |
| FCD                     | 2.459                |
| Unique (%)              | 100.0%               |
| Novel (%)               | 88.6275%             |
| Valid (%)               | 99.6094%             |
| Disconnected (%)        | 1.9531%              |
| Property satisfied (%)  | —                    |
| V.U.N. (%)              | 88.2813%             |
+-------------------------+--------------------+


🏗️ STRUCTURAL CONSTRAINT SATISFACTION:
================================================================================
qm9_thesis_no_constraint — VAL — QM9 — Structural
Constraint: No structural constraint · N=256 · diffusion_steps=500 · sampler=reverse

+---------------------------+--------------------------+
| Metric                    | Value                      |
+---------------------------+--------------------------+
| Constraint                | No structural constraint   |
| Ring count 0 (%)          | 8.9844%                    |
| Ring count 1 (%)          | 36.3281%                   |
| Ring count 2 (%)          | 9.375%                     |
| Ring count 3 (%)          | 24.2188%                   |
| Ring count 4 (%)          | 3.9062%                    |
| Ring count 5 (%)          | 0.3906%                    |
| Ring count 6 (%)          | 7.0312%                    |
| Ring count 7 (%)          | 6.6406%                    |
| Ring count 8 (%)          | 0.3906%                    |
| Ring count 9+ (%)         | 2.7344%                    |
| Acyclic (max len 0) (%)   | 8.9844%                    |
| Ring length 3 (max) (%)   | 8.9844%                    |
| Ring length 4 (max) (%)   | 11.3281%                   |
| Ring length 5 (max) (%)   | 31.6406%                   |
| Ring length 6 (max) (%)   | 19.1406%                   |
| Ring length 7 (max) (%)   | 10.9375%                   |
| Ring length 8 (max) (%)   | 7.4219%                    |
| Ring length 9 (max) (%)   | 1.5625%                    |
| Ring length 10 (max) (%)  | 0.0%                       |
| Ring length 11 (max) (%)  | 0.0%                       |
| Ring length 12 (max) (%)  | 0.0%                       |
| Ring length >12 (max) (%) | 0.0%                       |
+---------------------------+--------------------------+


⏱️ TIMING METRICS:
================================================================================
qm9_thesis_no_constraint — VAL — QM9 — Timing
Constraint: No structural constraint · N=256 · diffusion_steps=500 · sampler=reverse

+---------------------------------+--------------------------------------------------+
| Metric                          | Value                                              |
+---------------------------------+--------------------------------------------------+
| Sampling time (s) for N         | 376.68 for N=256                                   |
| Per-graph sampling time (ms)    | 1471.4                                             |
| Sampling batches                | 10                                                 |
| Projector mean time (ms)        | 0.0 (no projection)                                |
| Projector share of sampling (%) | 0.0% (no projection)                               |
| Wall-clock elapsed (hh:mm)      | 05:24                                              |
| Environment                     | gpu=Tesla V100-FHHL-16GB, torch=2.12.1+cu126, ...  |
+---------------------------------+--------------------------------------------------+


🧪 CHEMISTRY METRICS:
================================================================================
qm9_thesis_no_constraint — VAL — QM9 — Chemistry
Constraint: No structural constraint · N=256 · diffusion_steps=500 · sampler=reverse

+---------------------------------+--------------------+
| Metric                          | Value                |
+---------------------------------+--------------------+
| Valid molecules used (chem)     | 255                  |
| Molecular weight (Da) mean ± sd | 122.4 ± 8.8          |
| Heavy atoms mean ± sd           | 8.8 ± 0.6            |
| Atom composition % (C/N/O/F)    | 72.9/11.2/15.5/0.4   |
+---------------------------------+--------------------+

[VIOLATION TRACKING] Detected constraint: None, value: None
[VIOLATION TRACKING] Enforced constraint: None
[VIOLATION TRACKING] Tracking violations for: []
[VIOLATION TRACKING] Ignoring violations for: ['ring_count', 'ring_length', 'planarity']
[VIOLATIONS] Summary saved to violation_summary_rank0_20260625_201035.txt
Sampling metrics {'val_sampling/NumNodesW1': 0.022, 'val_sampling/NodeTypesTV': 0.016, 'val_sampling/EdgeTypesTV': 0.06, 'val_sampling/Disconnected': 1.953, 'val_sampling/MeanComponents': 1.02, 'val_sampling/MaxComponents': 2.0, 'val_sampling/planarity': 1.0, 'val_sampling/no_cycles': 0.09, 'val_sampling/lobster_components': 0.09, 'val_sampling/generated_deg_hist': [0.0, 0.237, 0.434, 0.264, 0.064, 0.0, 0.0, 0.0, 0.0], 'val_sampling/diff_deg_hist': [0.0, -0.004, 0.002, -0.008, 0.01, -0.001, 0.0, 0.0, 0.0], 'val_sampling/abs_diff_deg_hist': [0.0, 0.004, 0.002, 0.008, 0.01, 0.001, 0.0, 0.0, 0.0], 'val_sampling/Validity': 99.609, 'val_sampling/Uniqueness': 100.0, 'val_sampling/Novelty': 88.627, 'val_sampling/fcd score': 2.459, 'val_sampling/ChargeW1': 0.01, 'val_sampling/ValencyW1': 0.031, 'val_ratio/fcd score': 2.798, 'val_ratio/average': 2.798}
Val epoch 194 ends
Train epoch 194 ends
Epoch 194 finished: X: 0.46 -- charges: 0.08 -- E: 0.37 -- y: -1.00 -- 183.1s 
Epoch 194: {'CarbonCE': 0.355, 'NitroCE': 0.21, 'OxyCE': 0.257, 'FluorCE': 0.008} -- {'NoBondCE': 0.315, 'SingleCE': 0.295, 'DoubleCE': 0.058, 'TripleCE': 0.021, 'AromaticCE': 0.0}
Starting epoch 195
Train epoch 195 ends
Epoch 195 finished: X: 0.46 -- charges: 0.08 -- E: 0.37 -- y: -1.00 -- 97.0s 
Epoch 195: {'CarbonCE': 0.356, 'NitroCE': 0.21, 'OxyCE': 0.258, 'FluorCE': 0.009} -- {'NoBondCE': 0.315, 'SingleCE': 0.294, 'DoubleCE': 0.058, 'TripleCE': 0.021, 'AromaticCE': 0.0}
Starting epoch 196
Train epoch 196 ends
Epoch 196 finished: X: 0.46 -- charges: 0.08 -- E: 0.37 -- y: -1.00 -- 94.7s 
Epoch 196: {'CarbonCE': 0.355, 'NitroCE': 0.21, 'OxyCE': 0.258, 'FluorCE': 0.008} -- {'NoBondCE': 0.315, 'SingleCE': 0.295, 'DoubleCE': 0.058, 'TripleCE': 0.021, 'AromaticCE': 0.0}
Starting epoch 197
Train epoch 197 ends
Epoch 197 finished: X: 0.46 -- charges: 0.08 -- E: 0.37 -- y: -1.00 -- 96.7s 
Epoch 197: {'CarbonCE': 0.354, 'NitroCE': 0.209, 'OxyCE': 0.257, 'FluorCE': 0.009} -- {'NoBondCE': 0.314, 'SingleCE': 0.294, 'DoubleCE': 0.058, 'TripleCE': 0.021, 'AromaticCE': 0.0}
Starting epoch 198
Train epoch 198 ends
Epoch 198 finished: X: 0.46 -- charges: 0.08 -- E: 0.37 -- y: -1.00 -- 95.3s 
Epoch 198: {'CarbonCE': 0.355, 'NitroCE': 0.21, 'OxyCE': 0.258, 'FluorCE': 0.008} -- {'NoBondCE': 0.315, 'SingleCE': 0.295, 'DoubleCE': 0.058, 'TripleCE': 0.021, 'AromaticCE': 0.0}
Starting epoch 199
Epoch 199: val/epoch_NLL: 68.26 -- val/X_kl: 3.05 -- val/E_kl: 64.09 -- val/charges_kl: 0.57 
Val loss: 68.2595 	 Best val loss:  67.5462

Val epoch 199 ends
Train epoch 199 ends
Epoch 199 finished: X: 0.46 -- charges: 0.08 -- E: 0.37 -- y: -1.00 -- 108.3s 
Epoch 199: {'CarbonCE': 0.355, 'NitroCE': 0.211, 'OxyCE': 0.257, 'FluorCE': 0.008} -- {'NoBondCE': 0.314, 'SingleCE': 0.294, 'DoubleCE': 0.058, 'TripleCE': 0.021, 'AromaticCE': 0.0}
Starting epoch 200
Train epoch 200 ends
Epoch 200 finished: X: 0.46 -- charges: 0.08 -- E: 0.37 -- y: -1.00 -- 93.8s 
Epoch 200: {'CarbonCE': 0.353, 'NitroCE': 0.209, 'OxyCE': 0.256, 'FluorCE': 0.009} -- {'NoBondCE': 0.314, 'SingleCE': 0.293, 'DoubleCE': 0.058, 'TripleCE': 0.021, 'AromaticCE': 0.0}
Starting epoch 201
Train epoch 201 ends
Epoch 201 finished: X: 0.46 -- charges: 0.08 -- E: 0.37 -- y: -1.00 -- 96.2s 
Epoch 201: {'CarbonCE': 0.355, 'NitroCE': 0.211, 'OxyCE': 0.258, 'FluorCE': 0.009} -- {'NoBondCE': 0.316, 'SingleCE': 0.295, 'DoubleCE': 0.058, 'TripleCE': 0.021, 'AromaticCE': 0.0}
Starting epoch 202
Train epoch 202 ends
Epoch 202 finished: X: 0.46 -- charges: 0.08 -- E: 0.37 -- y: -1.00 -- 97.1s 
Epoch 202: {'CarbonCE': 0.355, 'NitroCE': 0.21, 'OxyCE': 0.258, 'FluorCE': 0.009} -- {'NoBondCE': 0.315, 'SingleCE': 0.295, 'DoubleCE': 0.058, 'TripleCE': 0.021, 'AromaticCE': 0.0}
Starting epoch 203
Train epoch 203 ends
Epoch 203 finished: X: 0.46 -- charges: 0.08 -- E: 0.37 -- y: -1.00 -- 95.8s 
Epoch 203: {'CarbonCE': 0.354, 'NitroCE': 0.21, 'OxyCE': 0.257, 'FluorCE': 0.009} -- {'NoBondCE': 0.314, 'SingleCE': 0.294, 'DoubleCE': 0.058, 'TripleCE': 0.021, 'AromaticCE': 0.0}
Starting epoch 204
Epoch 204: val/epoch_NLL: 69.00 -- val/X_kl: 3.08 -- val/E_kl: 64.79 -- val/charges_kl: 0.58 
Val loss: 69.0041 	 Best val loss:  67.5462

Val epoch 204 ends
Train epoch 204 ends
Epoch 204 finished: X: 0.46 -- charges: 0.08 -- E: 0.37 -- y: -1.00 -- 109.8s 
Epoch 204: {'CarbonCE': 0.355, 'NitroCE': 0.21, 'OxyCE': 0.257, 'FluorCE': 0.008} -- {'NoBondCE': 0.314, 'SingleCE': 0.294, 'DoubleCE': 0.058, 'TripleCE': 0.021, 'AromaticCE': 0.0}
Starting epoch 205
Train epoch 205 ends
Epoch 205 finished: X: 0.46 -- charges: 0.08 -- E: 0.37 -- y: -1.00 -- 94.0s 
Epoch 205: {'CarbonCE': 0.356, 'NitroCE': 0.211, 'OxyCE': 0.258, 'FluorCE': 0.009} -- {'NoBondCE': 0.316, 'SingleCE': 0.296, 'DoubleCE': 0.058, 'TripleCE': 0.021, 'AromaticCE': 0.0}
Starting epoch 206
Train epoch 206 ends
Epoch 206 finished: X: 0.46 -- charges: 0.08 -- E: 0.37 -- y: -1.00 -- 95.2s 
Epoch 206: {'CarbonCE': 0.354, 'NitroCE': 0.209, 'OxyCE': 0.257, 'FluorCE': 0.008} -- {'NoBondCE': 0.314, 'SingleCE': 0.294, 'DoubleCE': 0.058, 'TripleCE': 0.021, 'AromaticCE': 0.0}
Starting epoch 207
Train epoch 207 ends
Epoch 207 finished: X: 0.46 -- charges: 0.08 -- E: 0.37 -- y: -1.00 -- 96.2s 
Epoch 207: {'CarbonCE': 0.356, 'NitroCE': 0.21, 'OxyCE': 0.258, 'FluorCE': 0.009} -- {'NoBondCE': 0.316, 'SingleCE': 0.296, 'DoubleCE': 0.058, 'TripleCE': 0.021, 'AromaticCE': 0.0}
Starting epoch 208
Train epoch 208 ends
Epoch 208 finished: X: 0.46 -- charges: 0.08 -- E: 0.37 -- y: -1.00 -- 95.7s 
Epoch 208: {'CarbonCE': 0.353, 'NitroCE': 0.21, 'OxyCE': 0.256, 'FluorCE': 0.009} -- {'NoBondCE': 0.313, 'SingleCE': 0.293, 'DoubleCE': 0.057, 'TripleCE': 0.021, 'AromaticCE': 0.0}
Starting epoch 209
Epoch 209: val/epoch_NLL: 68.79 -- val/X_kl: 3.08 -- val/E_kl: 64.55 -- val/charges_kl: 0.60 
Val loss: 68.7866 	 Best val loss:  67.5462

Val epoch 209 ends
Train epoch 209 ends
Epoch 209 finished: X: 0.46 -- charges: 0.08 -- E: 0.37 -- y: -1.00 -- 106.1s 
Epoch 209: {'CarbonCE': 0.356, 'NitroCE': 0.211, 'OxyCE': 0.258, 'FluorCE': 0.009} -- {'NoBondCE': 0.315, 'SingleCE': 0.295, 'DoubleCE': 0.058, 'TripleCE': 0.021, 'AromaticCE': 0.0}
Starting epoch 210
Train epoch 210 ends
Epoch 210 finished: X: 0.46 -- charges: 0.08 -- E: 0.37 -- y: -1.00 -- 97.4s 
Epoch 210: {'CarbonCE': 0.356, 'NitroCE': 0.211, 'OxyCE': 0.258, 'FluorCE': 0.009} -- {'NoBondCE': 0.315, 'SingleCE': 0.295, 'DoubleCE': 0.058, 'TripleCE': 0.021, 'AromaticCE': 0.0}
Starting epoch 211
Train epoch 211 ends
Epoch 211 finished: X: 0.46 -- charges: 0.08 -- E: 0.37 -- y: -1.00 -- 97.7s 
Epoch 211: {'CarbonCE': 0.355, 'NitroCE': 0.211, 'OxyCE': 0.258, 'FluorCE': 0.009} -- {'NoBondCE': 0.315, 'SingleCE': 0.295, 'DoubleCE': 0.058, 'TripleCE': 0.021, 'AromaticCE': 0.0}
Starting epoch 212
Train epoch 212 ends
Epoch 212 finished: X: 0.46 -- charges: 0.08 -- E: 0.37 -- y: -1.00 -- 96.4s 
Epoch 212: {'CarbonCE': 0.355, 'NitroCE': 0.21, 'OxyCE': 0.258, 'FluorCE': 0.009} -- {'NoBondCE': 0.315, 'SingleCE': 0.295, 'DoubleCE': 0.058, 'TripleCE': 0.021, 'AromaticCE': 0.0}
Starting epoch 213
Train epoch 213 ends
Epoch 213 finished: X: 0.46 -- charges: 0.08 -- E: 0.37 -- y: -1.00 -- 94.6s 
Epoch 213: {'CarbonCE': 0.356, 'NitroCE': 0.211, 'OxyCE': 0.258, 'FluorCE': 0.009} -- {'NoBondCE': 0.315, 'SingleCE': 0.295, 'DoubleCE': 0.058, 'TripleCE': 0.021, 'AromaticCE': 0.0}
Starting epoch 214
Epoch 214: val/epoch_NLL: 69.41 -- val/X_kl: 3.04 -- val/E_kl: 65.21 -- val/charges_kl: 0.60 
Val loss: 69.4107 	 Best val loss:  67.5462

Val epoch 214 ends
Train epoch 214 ends
Epoch 214 finished: X: 0.46 -- charges: 0.08 -- E: 0.37 -- y: -1.00 -- 106.5s 
Epoch 214: {'CarbonCE': 0.355, 'NitroCE': 0.21, 'OxyCE': 0.257, 'FluorCE': 0.008} -- {'NoBondCE': 0.315, 'SingleCE': 0.295, 'DoubleCE': 0.058, 'TripleCE': 0.021, 'AromaticCE': 0.0}
Starting epoch 215
Train epoch 215 ends
Epoch 215 finished: X: 0.46 -- charges: 0.08 -- E: 0.37 -- y: -1.00 -- 96.5s 
Epoch 215: {'CarbonCE': 0.355, 'NitroCE': 0.21, 'OxyCE': 0.258, 'FluorCE': 0.009} -- {'NoBondCE': 0.315, 'SingleCE': 0.295, 'DoubleCE': 0.058, 'TripleCE': 0.021, 'AromaticCE': 0.0}
Starting epoch 216
Train epoch 216 ends
Epoch 216 finished: X: 0.46 -- charges: 0.08 -- E: 0.37 -- y: -1.00 -- 97.3s 
Epoch 216: {'CarbonCE': 0.355, 'NitroCE': 0.21, 'OxyCE': 0.258, 'FluorCE': 0.008} -- {'NoBondCE': 0.315, 'SingleCE': 0.295, 'DoubleCE': 0.058, 'TripleCE': 0.021, 'AromaticCE': 0.0}
Starting epoch 217
Train epoch 217 ends
Epoch 217 finished: X: 0.46 -- charges: 0.08 -- E: 0.37 -- y: -1.00 -- 93.9s 
Epoch 217: {'CarbonCE': 0.355, 'NitroCE': 0.211, 'OxyCE': 0.258, 'FluorCE': 0.009} -- {'NoBondCE': 0.315, 'SingleCE': 0.295, 'DoubleCE': 0.058, 'TripleCE': 0.021, 'AromaticCE': 0.0}
Starting epoch 218
Train epoch 218 ends
Epoch 218 finished: X: 0.46 -- charges: 0.08 -- E: 0.37 -- y: -1.00 -- 94.4s 
Epoch 218: {'CarbonCE': 0.356, 'NitroCE': 0.211, 'OxyCE': 0.259, 'FluorCE': 0.009} -- {'NoBondCE': 0.316, 'SingleCE': 0.295, 'DoubleCE': 0.058, 'TripleCE': 0.021, 'AromaticCE': 0.0}
Starting epoch 219
Epoch 219: val/epoch_NLL: 70.00 -- val/X_kl: 3.10 -- val/E_kl: 65.77 -- val/charges_kl: 0.59 
Val loss: 69.9998 	 Best val loss:  67.5462

Val epoch 219 ends
Train epoch 219 ends
Epoch 219 finished: X: 0.46 -- charges: 0.08 -- E: 0.37 -- y: -1.00 -- 108.3s 
Epoch 219: {'CarbonCE': 0.354, 'NitroCE': 0.21, 'OxyCE': 0.257, 'FluorCE': 0.009} -- {'NoBondCE': 0.314, 'SingleCE': 0.294, 'DoubleCE': 0.058, 'TripleCE': 0.021, 'AromaticCE': 0.0}
Starting epoch 220
Train epoch 220 ends
Epoch 220 finished: X: 0.46 -- charges: 0.08 -- E: 0.37 -- y: -1.00 -- 96.6s 
Epoch 220: {'CarbonCE': 0.355, 'NitroCE': 0.21, 'OxyCE': 0.257, 'FluorCE': 0.009} -- {'NoBondCE': 0.314, 'SingleCE': 0.294, 'DoubleCE': 0.058, 'TripleCE': 0.021, 'AromaticCE': 0.0}
Starting epoch 221
Train epoch 221 ends
Epoch 221 finished: X: 0.46 -- charges: 0.08 -- E: 0.37 -- y: -1.00 -- 96.1s 
Epoch 221: {'CarbonCE': 0.355, 'NitroCE': 0.21, 'OxyCE': 0.258, 'FluorCE': 0.008} -- {'NoBondCE': 0.314, 'SingleCE': 0.294, 'DoubleCE': 0.058, 'TripleCE': 0.021, 'AromaticCE': 0.0}
Starting epoch 222
Train epoch 222 ends
Epoch 222 finished: X: 0.46 -- charges: 0.08 -- E: 0.37 -- y: -1.00 -- 96.6s 
Epoch 222: {'CarbonCE': 0.355, 'NitroCE': 0.21, 'OxyCE': 0.257, 'FluorCE': 0.008} -- {'NoBondCE': 0.314, 'SingleCE': 0.294, 'DoubleCE': 0.058, 'TripleCE': 0.021, 'AromaticCE': 0.0}
Starting epoch 223
Train epoch 223 ends
Epoch 223 finished: X: 0.46 -- charges: 0.08 -- E: 0.37 -- y: -1.00 -- 95.1s 
Epoch 223: {'CarbonCE': 0.355, 'NitroCE': 0.21, 'OxyCE': 0.258, 'FluorCE': 0.008} -- {'NoBondCE': 0.314, 'SingleCE': 0.294, 'DoubleCE': 0.058, 'TripleCE': 0.021, 'AromaticCE': 0.0}
Starting epoch 224
Epoch 224: val/epoch_NLL: 69.25 -- val/X_kl: 3.04 -- val/E_kl: 65.07 -- val/charges_kl: 0.60 
Val loss: 69.2486 	 Best val loss:  67.5462

Val epoch 224 ends
Train epoch 224 ends
Epoch 224 finished: X: 0.46 -- charges: 0.08 -- E: 0.37 -- y: -1.00 -- 106.8s 
Epoch 224: {'CarbonCE': 0.355, 'NitroCE': 0.211, 'OxyCE': 0.257, 'FluorCE': 0.009} -- {'NoBondCE': 0.314, 'SingleCE': 0.294, 'DoubleCE': 0.058, 'TripleCE': 0.021, 'AromaticCE': 0.0}
Starting epoch 225
Train epoch 225 ends
Epoch 225 finished: X: 0.46 -- charges: 0.08 -- E: 0.37 -- y: -1.00 -- 97.1s 
Epoch 225: {'CarbonCE': 0.354, 'NitroCE': 0.21, 'OxyCE': 0.257, 'FluorCE': 0.008} -- {'NoBondCE': 0.314, 'SingleCE': 0.294, 'DoubleCE': 0.058, 'TripleCE': 0.021, 'AromaticCE': 0.0}
Starting epoch 226
Train epoch 226 ends
Epoch 226 finished: X: 0.46 -- charges: 0.08 -- E: 0.37 -- y: -1.00 -- 96.3s 
Epoch 226: {'CarbonCE': 0.355, 'NitroCE': 0.21, 'OxyCE': 0.257, 'FluorCE': 0.008} -- {'NoBondCE': 0.314, 'SingleCE': 0.294, 'DoubleCE': 0.058, 'TripleCE': 0.021, 'AromaticCE': 0.0}
Starting epoch 227
Train epoch 227 ends
Epoch 227 finished: X: 0.46 -- charges: 0.08 -- E: 0.37 -- y: -1.00 -- 95.0s 
Epoch 227: {'CarbonCE': 0.355, 'NitroCE': 0.212, 'OxyCE': 0.257, 'FluorCE': 0.008} -- {'NoBondCE': 0.315, 'SingleCE': 0.295, 'DoubleCE': 0.058, 'TripleCE': 0.021, 'AromaticCE': 0.0}
Starting epoch 228
Train epoch 228 ends
Epoch 228 finished: X: 0.46 -- charges: 0.08 -- E: 0.37 -- y: -1.00 -- 96.3s 
Epoch 228: {'CarbonCE': 0.356, 'NitroCE': 0.211, 'OxyCE': 0.258, 'FluorCE': 0.009} -- {'NoBondCE': 0.314, 'SingleCE': 0.294, 'DoubleCE': 0.058, 'TripleCE': 0.021, 'AromaticCE': 0.0}
Starting epoch 229
Epoch 229: val/epoch_NLL: 69.66 -- val/X_kl: 3.06 -- val/E_kl: 65.47 -- val/charges_kl: 0.60 
Val loss: 69.6633 	 Best val loss:  67.5462

Val epoch 229 ends
Train epoch 229 ends
Epoch 229 finished: X: 0.46 -- charges: 0.08 -- E: 0.37 -- y: -1.00 -- 107.5s 
Epoch 229: {'CarbonCE': 0.354, 'NitroCE': 0.209, 'OxyCE': 0.258, 'FluorCE': 0.009} -- {'NoBondCE': 0.314, 'SingleCE': 0.294, 'DoubleCE': 0.057, 'TripleCE': 0.021, 'AromaticCE': 0.0}
Starting epoch 230
Train epoch 230 ends
Epoch 230 finished: X: 0.46 -- charges: 0.08 -- E: 0.37 -- y: -1.00 -- 93.5s 
Epoch 230: {'CarbonCE': 0.354, 'NitroCE': 0.211, 'OxyCE': 0.257, 'FluorCE': 0.008} -- {'NoBondCE': 0.313, 'SingleCE': 0.293, 'DoubleCE': 0.058, 'TripleCE': 0.021, 'AromaticCE': 0.0}
Starting epoch 231
Train epoch 231 ends
Epoch 231 finished: X: 0.46 -- charges: 0.08 -- E: 0.37 -- y: -1.00 -- 94.7s 
Epoch 231: {'CarbonCE': 0.355, 'NitroCE': 0.21, 'OxyCE': 0.257, 'FluorCE': 0.009} -- {'NoBondCE': 0.314, 'SingleCE': 0.294, 'DoubleCE': 0.058, 'TripleCE': 0.02, 'AromaticCE': 0.0}
Starting epoch 232
Train epoch 232 ends
Epoch 232 finished: X: 0.46 -- charges: 0.08 -- E: 0.37 -- y: -1.00 -- 95.2s 
Epoch 232: {'CarbonCE': 0.355, 'NitroCE': 0.21, 'OxyCE': 0.258, 'FluorCE': 0.008} -- {'NoBondCE': 0.315, 'SingleCE': 0.295, 'DoubleCE': 0.057, 'TripleCE': 0.021, 'AromaticCE': 0.0}
Starting epoch 233
Train epoch 233 ends
Epoch 233 finished: X: 0.46 -- charges: 0.08 -- E: 0.37 -- y: -1.00 -- 95.5s 
Epoch 233: {'CarbonCE': 0.354, 'NitroCE': 0.21, 'OxyCE': 0.256, 'FluorCE': 0.008} -- {'NoBondCE': 0.314, 'SingleCE': 0.294, 'DoubleCE': 0.058, 'TripleCE': 0.021, 'AromaticCE': 0.0}
Starting epoch 234
Epoch 234: val/epoch_NLL: 69.95 -- val/X_kl: 3.07 -- val/E_kl: 65.72 -- val/charges_kl: 0.60 
Val loss: 69.9484 	 Best val loss:  67.5462

[2026-06-25 21:16:02] Sampling start
[2026-06-25 21:16:02] Sampling a batch with 50 graphs on local rank 0. Saving 50 visualization and 10 full chains.
[2026-06-25 21:16:21] Batch sampled. Visualizing chains starts!
1/10 chains saved on local rank 0.Saving /home/drigoni/repository/ConStruct-Thesis/ConStruct/chains/epoch234/batch50_GR0/molecule_50_0.gif to wandb
wandb: WARNING `fps` argument does not affect the frame rate of the video when providing a file path or raw bytes.
2/10 chains saved on local rank 0.Saving /home/drigoni/repository/ConStruct-Thesis/ConStruct/chains/epoch234/batch50_GR0/molecule_51_0.gif to wandb
wandb: WARNING `fps` argument does not affect the frame rate of the video when providing a file path or raw bytes.
3/10 chains saved on local rank 0.Saving /home/drigoni/repository/ConStruct-Thesis/ConStruct/chains/epoch234/batch50_GR0/molecule_52_0.gif to wandb
wandb: WARNING `fps` argument does not affect the frame rate of the video when providing a file path or raw bytes.
4/10 chains saved on local rank 0.Saving /home/drigoni/repository/ConStruct-Thesis/ConStruct/chains/epoch234/batch50_GR0/molecule_53_0.gif to wandb
wandb: WARNING `fps` argument does not affect the frame rate of the video when providing a file path or raw bytes.
5/10 chains saved on local rank 0.Saving /home/drigoni/repository/ConStruct-Thesis/ConStruct/chains/epoch234/batch50_GR0/molecule_54_0.gif to wandb
wandb: WARNING `fps` argument does not affect the frame rate of the video when providing a file path or raw bytes.
6/10 chains saved on local rank 0.Saving /home/drigoni/repository/ConStruct-Thesis/ConStruct/chains/epoch234/batch50_GR0/molecule_55_0.gif to wandb
wandb: WARNING `fps` argument does not affect the frame rate of the video when providing a file path or raw bytes.
7/10 chains saved on local rank 0.Saving /home/drigoni/repository/ConStruct-Thesis/ConStruct/chains/epoch234/batch50_GR0/molecule_56_0.gif to wandb
wandb: WARNING `fps` argument does not affect the frame rate of the video when providing a file path or raw bytes.
8/10 chains saved on local rank 0.Saving /home/drigoni/repository/ConStruct-Thesis/ConStruct/chains/epoch234/batch50_GR0/molecule_57_0.gif to wandb
wandb: WARNING `fps` argument does not affect the frame rate of the video when providing a file path or raw bytes.
9/10 chains saved on local rank 0.Saving /home/drigoni/repository/ConStruct-Thesis/ConStruct/chains/epoch234/batch50_GR0/molecule_58_0.gif to wandb
wandb: WARNING `fps` argument does not affect the frame rate of the video when providing a file path or raw bytes.
10/10 chains saved on local rank 0.Saving /home/drigoni/repository/ConStruct-Thesis/ConStruct/chains/epoch234/batch50_GR0/molecule_59_0.gif to wandb
wandb: WARNING `fps` argument does not affect the frame rate of the video when providing a file path or raw bytes.
[2026-06-25 21:16:50] Visualizing 50 graphs out of 50
Saving /home/drigoni/repository/ConStruct-Thesis/ConStruct/graphs/qm9_thesis_no_constraint/epoch234_b50/graph_0.png to wandb
Saving /home/drigoni/repository/ConStruct-Thesis/ConStruct/graphs/qm9_thesis_no_constraint/epoch234_b50/graph_1.png to wandb
Saving /home/drigoni/repository/ConStruct-Thesis/ConStruct/graphs/qm9_thesis_no_constraint/epoch234_b50/graph_2.png to wandb
[2026-06-25 21:16:51] Done.
[2026-06-25 21:16:51] Sampling a batch with 206 graphs on local rank 0. Saving 0 visualization and 0 full chains.
[2026-06-25 21:17:17] Done.
[2026-06-25 21:17:17] Sampled 2 batches on local rank 0. Sampling took 75.28 seconds

[2026-06-25 21:17:17] Computing sampling metrics on 0...
Error messages: AtomValence 3, Kekulize 0, other 0,  -- No error 253
Traceback (most recent call last):
  File "/home/drigoni/Programs/miniconda/envs/construct/lib/python3.10/multiprocessing/util.py", line 300, in _run_finalizers
    finalizer()
  File "/home/drigoni/Programs/miniconda/envs/construct/lib/python3.10/multiprocessing/util.py", line 224, in __call__
    res = self._callback(*self._args, **self._kwargs)
  File "/home/drigoni/Programs/miniconda/envs/construct/lib/python3.10/multiprocessing/util.py", line 133, in _remove_temp_dir
    rmtree(tempdir)
  File "/home/drigoni/Programs/miniconda/envs/construct/lib/python3.10/shutil.py", line 725, in rmtree
    _rmtree_safe_fd(fd, path, onerror)
  File "/home/drigoni/Programs/miniconda/envs/construct/lib/python3.10/shutil.py", line 681, in _rmtree_safe_fd
    onerror(os.unlink, fullname, sys.exc_info())
  File "/home/drigoni/Programs/miniconda/envs/construct/lib/python3.10/shutil.py", line 679, in _rmtree_safe_fd
    os.unlink(entry.name, dir_fd=topfd)
OSError: [Errno 16] Device or resource busy: '.nfs000000001550641700001c32'
Some generated smiles: CC1CC=CC12CC2C CC12OCC1CC21CC1 CC12CCC1(O)C2O OCC12OC3C1=CCC32 O=CN1C2CNC(=O)C21 O=CC12CCC1CCO2 O=CC1C2C=CC3C1C23 C[NH+]1C2C(O)C3NC3C21 C1=C2CC3C1CC1C2C31 C1=CC2C3NC(C1)C23

================================================================================
📊 CONSTRAINT SATISFACTION RESULTS
================================================================================

📋 **Definitions**:
• **FCD** — Fréchet ChemNet Distance computed on valid canonical SMILES; lower is better
• **Unique/Novel/Valid** — proportions computed over all generated molecules (not only valid)
• **Disconnected** — share of graphs with >1 connected component
• **Property satisfied** — share of generated graphs meeting the enforced structural constraint
• **V.U.N.** — product of Valid × Unique × Novel (in [0,100]%)

🔍 **LOGGING TO WANDB**:
============================================================
  val_sampling/NumNodesW1: 0.04027596488595009
  val_sampling/NodeTypesTV: 0.017783701419830322
  val_sampling/EdgeTypesTV: 0.052817560732364655
  val_sampling/Disconnected: 1.953125
  val_sampling/MeanComponents: 1.01953125
  val_sampling/MaxComponents: 2.0
  val_sampling/planarity: 1.0
  val_sampling/no_cycles: 0.1171875
  val_sampling/lobster_components: 0.1171875
  val_sampling/generated_deg_hist: <wandb.sdk.data_types.histogram.Histogram object at 0x7f0753498b50>
  val_sampling/diff_deg_hist: <wandb.sdk.data_types.histogram.Histogram object at 0x7f074cb96cb0>
  val_sampling/abs_diff_deg_hist: <wandb.sdk.data_types.histogram.Histogram object at 0x7f074cbd8640>
  val_sampling/Validity: 98.828125
  val_sampling/Uniqueness: 100.0
  val_sampling/Novelty: 91.69960618019104
  val_sampling/fcd score: 2.262991038458189
============================================================


🎯 CORE METRICS:
================================================================================
qm9_thesis_no_constraint — VAL — QM9
Constraint: No structural constraint · N=256 · diffusion_steps=500 · sampler=reverse

+-------------------------+--------------------+
| Metric                  | Value                |
+-------------------------+--------------------+
| Molecules generated (N) | 256                  |
| FCD                     | 2.263                |
| Unique (%)              | 100.0%               |
| Novel (%)               | 91.6996%             |
| Valid (%)               | 98.8281%             |
| Disconnected (%)        | 1.9531%              |
| Property satisfied (%)  | —                    |
| V.U.N. (%)              | 90.625%              |
+-------------------------+--------------------+


🏗️ STRUCTURAL CONSTRAINT SATISFACTION:
================================================================================
qm9_thesis_no_constraint — VAL — QM9 — Structural
Constraint: No structural constraint · N=256 · diffusion_steps=500 · sampler=reverse

+---------------------------+--------------------------+
| Metric                    | Value                      |
+---------------------------+--------------------------+
| Constraint                | No structural constraint   |
| Ring count 0 (%)          | 11.7188%                   |
| Ring count 1 (%)          | 28.5156%                   |
| Ring count 2 (%)          | 8.5938%                    |
| Ring count 3 (%)          | 25.0%                      |
| Ring count 4 (%)          | 2.7344%                    |
| Ring count 5 (%)          | 0.3906%                    |
| Ring count 6 (%)          | 7.4219%                    |
| Ring count 7 (%)          | 12.1094%                   |
| Ring count 8 (%)          | 0.0%                       |
| Ring count 9+ (%)         | 3.5156%                    |
| Acyclic (max len 0) (%)   | 11.7188%                   |
| Ring length 3 (max) (%)   | 8.5938%                    |
| Ring length 4 (max) (%)   | 12.8906%                   |
| Ring length 5 (max) (%)   | 25.0%                      |
| Ring length 6 (max) (%)   | 16.0156%                   |
| Ring length 7 (max) (%)   | 14.4531%                   |
| Ring length 8 (max) (%)   | 7.0312%                    |
| Ring length 9 (max) (%)   | 4.2969%                    |
| Ring length 10 (max) (%)  | 0.0%                       |
| Ring length 11 (max) (%)  | 0.0%                       |
| Ring length 12 (max) (%)  | 0.0%                       |
| Ring length >12 (max) (%) | 0.0%                       |
+---------------------------+--------------------------+


⏱️ TIMING METRICS:
================================================================================
qm9_thesis_no_constraint — VAL — QM9 — Timing
Constraint: No structural constraint · N=256 · diffusion_steps=500 · sampler=reverse

+---------------------------------+--------------------------------------------------+
| Metric                          | Value                                              |
+---------------------------------+--------------------------------------------------+
| Sampling time (s) for N         | 451.92 for N=256                                   |
| Per-graph sampling time (ms)    | 1765.3                                             |
| Sampling batches                | 12                                                 |
| Projector mean time (ms)        | 0.0 (no projection)                                |
| Projector share of sampling (%) | 0.0% (no projection)                               |
| Wall-clock elapsed (hh:mm)      | 06:31                                              |
| Environment                     | gpu=Tesla V100-FHHL-16GB, torch=2.12.1+cu126, ...  |
+---------------------------------+--------------------------------------------------+


🧪 CHEMISTRY METRICS:
================================================================================
qm9_thesis_no_constraint — VAL — QM9 — Chemistry
Constraint: No structural constraint · N=256 · diffusion_steps=500 · sampler=reverse

+---------------------------------+--------------------+
| Metric                          | Value                |
+---------------------------------+--------------------+
| Valid molecules used (chem)     | 253                  |
| Molecular weight (Da) mean ± sd | 121.4 ± 9.1          |
| Heavy atoms mean ± sd           | 8.7 ± 0.6            |
| Atom composition % (C/N/O/F)    | 72.4/12.2/15.2/0.2   |
+---------------------------------+--------------------+

[VIOLATION TRACKING] Detected constraint: None, value: None
[VIOLATION TRACKING] Enforced constraint: None
[VIOLATION TRACKING] Tracking violations for: []
[VIOLATION TRACKING] Ignoring violations for: ['ring_count', 'ring_length', 'planarity']
[VIOLATIONS] Summary saved to violation_summary_rank0_20260625_211720.txt
Sampling metrics {'val_sampling/NumNodesW1': 0.04, 'val_sampling/NodeTypesTV': 0.018, 'val_sampling/EdgeTypesTV': 0.053, 'val_sampling/Disconnected': 1.953, 'val_sampling/MeanComponents': 1.02, 'val_sampling/MaxComponents': 2.0, 'val_sampling/planarity': 1.0, 'val_sampling/no_cycles': 0.117, 'val_sampling/lobster_components': 0.117, 'val_sampling/generated_deg_hist': [0.002, 0.229, 0.424, 0.281, 0.062, 0.001, 0.0, 0.0, 0.0], 'val_sampling/diff_deg_hist': [0.002, -0.012, -0.008, 0.009, 0.008, 0.001, 0.0, 0.0, 0.0], 'val_sampling/abs_diff_deg_hist': [0.002, 0.012, 0.008, 0.009, 0.008, 0.001, 0.0, 0.0, 0.0], 'val_sampling/Validity': 98.828, 'val_sampling/Uniqueness': 100.0, 'val_sampling/Novelty': 91.7, 'val_sampling/fcd score': 2.263, 'val_sampling/ChargeW1': 0.003, 'val_sampling/ValencyW1': 0.058, 'val_ratio/fcd score': 2.574, 'val_ratio/average': 2.574}
Val epoch 234 ends
Monitored metric val/epoch_NLL did not improve in the last 28 records. Best score: 67.546. Signaling Trainer to stop.
Train epoch 234 ends
Epoch 234 finished: X: 0.46 -- charges: 0.08 -- E: 0.37 -- y: -1.00 -- 187.0s 
Epoch 234: {'CarbonCE': 0.354, 'NitroCE': 0.21, 'OxyCE': 0.257, 'FluorCE': 0.009} -- {'NoBondCE': 0.314, 'SingleCE': 0.294, 'DoubleCE': 0.058, 'TripleCE': 0.021, 'AromaticCE': 0.0}
Traceback (most recent call last):
Traceback (most recent call last):
  File "/home/drigoni/Programs/miniconda/envs/construct/lib/python3.10/multiprocessing/util.py", line 300, in _run_finalizers
    finalizer()
  File "/home/drigoni/Programs/miniconda/envs/construct/lib/python3.10/multiprocessing/util.py", line 300, in _run_finalizers
    finalizer()
  File "/home/drigoni/Programs/miniconda/envs/construct/lib/python3.10/multiprocessing/util.py", line 224, in __call__
    res = self._callback(*self._args, **self._kwargs)
  File "/home/drigoni/Programs/miniconda/envs/construct/lib/python3.10/multiprocessing/util.py", line 224, in __call__
    res = self._callback(*self._args, **self._kwargs)
  File "/home/drigoni/Programs/miniconda/envs/construct/lib/python3.10/multiprocessing/util.py", line 133, in _remove_temp_dir
    rmtree(tempdir)
  File "/home/drigoni/Programs/miniconda/envs/construct/lib/python3.10/multiprocessing/util.py", line 133, in _remove_temp_dir
    rmtree(tempdir)
  File "/home/drigoni/Programs/miniconda/envs/construct/lib/python3.10/shutil.py", line 725, in rmtree
    _rmtree_safe_fd(fd, path, onerror)
  File "/home/drigoni/Programs/miniconda/envs/construct/lib/python3.10/shutil.py", line 725, in rmtree
    _rmtree_safe_fd(fd, path, onerror)
  File "/home/drigoni/Programs/miniconda/envs/construct/lib/python3.10/shutil.py", line 681, in _rmtree_safe_fd
    onerror(os.unlink, fullname, sys.exc_info())
  File "/home/drigoni/Programs/miniconda/envs/construct/lib/python3.10/shutil.py", line 681, in _rmtree_safe_fd
    onerror(os.unlink, fullname, sys.exc_info())
  File "/home/drigoni/Programs/miniconda/envs/construct/lib/python3.10/shutil.py", line 679, in _rmtree_safe_fd
    os.unlink(entry.name, dir_fd=topfd)
  File "/home/drigoni/Programs/miniconda/envs/construct/lib/python3.10/shutil.py", line 679, in _rmtree_safe_fd
    os.unlink(entry.name, dir_fd=topfd)
OSError: [Errno 16] Device or resource busy: '.nfs000000001550489e00001c35'
OSError: [Errno 16] Device or resource busy: '.nfs00000000155048a200001c34'
Traceback (most recent call last):
Traceback (most recent call last):
  File "/home/drigoni/Programs/miniconda/envs/construct/lib/python3.10/multiprocessing/util.py", line 300, in _run_finalizers
    finalizer()
  File "/home/drigoni/Programs/miniconda/envs/construct/lib/python3.10/multiprocessing/util.py", line 300, in _run_finalizers
    finalizer()
  File "/home/drigoni/Programs/miniconda/envs/construct/lib/python3.10/multiprocessing/util.py", line 224, in __call__
    res = self._callback(*self._args, **self._kwargs)
  File "/home/drigoni/Programs/miniconda/envs/construct/lib/python3.10/multiprocessing/util.py", line 224, in __call__
    res = self._callback(*self._args, **self._kwargs)
  File "/home/drigoni/Programs/miniconda/envs/construct/lib/python3.10/multiprocessing/util.py", line 133, in _remove_temp_dir
    rmtree(tempdir)
  File "/home/drigoni/Programs/miniconda/envs/construct/lib/python3.10/multiprocessing/util.py", line 133, in _remove_temp_dir
    rmtree(tempdir)
  File "/home/drigoni/Programs/miniconda/envs/construct/lib/python3.10/shutil.py", line 725, in rmtree
    _rmtree_safe_fd(fd, path, onerror)
  File "/home/drigoni/Programs/miniconda/envs/construct/lib/python3.10/shutil.py", line 725, in rmtree
    _rmtree_safe_fd(fd, path, onerror)
  File "/home/drigoni/Programs/miniconda/envs/construct/lib/python3.10/shutil.py", line 681, in _rmtree_safe_fd
    onerror(os.unlink, fullname, sys.exc_info())
  File "/home/drigoni/Programs/miniconda/envs/construct/lib/python3.10/shutil.py", line 681, in _rmtree_safe_fd
    onerror(os.unlink, fullname, sys.exc_info())
  File "/home/drigoni/Programs/miniconda/envs/construct/lib/python3.10/shutil.py", line 679, in _rmtree_safe_fd
    os.unlink(entry.name, dir_fd=topfd)
  File "/home/drigoni/Programs/miniconda/envs/construct/lib/python3.10/shutil.py", line 679, in _rmtree_safe_fd
    os.unlink(entry.name, dir_fd=topfd)
OSError: [Errno 16] Device or resource busy: '.nfs00000000155048a400001c33'
OSError: [Errno 16] Device or resource busy: '.nfs00000000155048a100001c34'
Traceback (most recent call last):
Traceback (most recent call last):
Traceback (most recent call last):
Traceback (most recent call last):
  File "/home/drigoni/Programs/miniconda/envs/construct/lib/python3.10/multiprocessing/util.py", line 300, in _run_finalizers
    finalizer()
  File "/home/drigoni/Programs/miniconda/envs/construct/lib/python3.10/multiprocessing/util.py", line 300, in _run_finalizers
    finalizer()
  File "/home/drigoni/Programs/miniconda/envs/construct/lib/python3.10/multiprocessing/util.py", line 300, in _run_finalizers
    finalizer()
  File "/home/drigoni/Programs/miniconda/envs/construct/lib/python3.10/multiprocessing/util.py", line 300, in _run_finalizers
    finalizer()
  File "/home/drigoni/Programs/miniconda/envs/construct/lib/python3.10/multiprocessing/util.py", line 224, in __call__
    res = self._callback(*self._args, **self._kwargs)
  File "/home/drigoni/Programs/miniconda/envs/construct/lib/python3.10/multiprocessing/util.py", line 224, in __call__
    res = self._callback(*self._args, **self._kwargs)
  File "/home/drigoni/Programs/miniconda/envs/construct/lib/python3.10/multiprocessing/util.py", line 224, in __call__
    res = self._callback(*self._args, **self._kwargs)
  File "/home/drigoni/Programs/miniconda/envs/construct/lib/python3.10/multiprocessing/util.py", line 224, in __call__
    res = self._callback(*self._args, **self._kwargs)
  File "/home/drigoni/Programs/miniconda/envs/construct/lib/python3.10/multiprocessing/util.py", line 133, in _remove_temp_dir
    rmtree(tempdir)
  File "/home/drigoni/Programs/miniconda/envs/construct/lib/python3.10/multiprocessing/util.py", line 133, in _remove_temp_dir
    rmtree(tempdir)
  File "/home/drigoni/Programs/miniconda/envs/construct/lib/python3.10/multiprocessing/util.py", line 133, in _remove_temp_dir
    rmtree(tempdir)
  File "/home/drigoni/Programs/miniconda/envs/construct/lib/python3.10/multiprocessing/util.py", line 133, in _remove_temp_dir
    rmtree(tempdir)
  File "/home/drigoni/Programs/miniconda/envs/construct/lib/python3.10/shutil.py", line 725, in rmtree
    _rmtree_safe_fd(fd, path, onerror)
  File "/home/drigoni/Programs/miniconda/envs/construct/lib/python3.10/shutil.py", line 725, in rmtree
    _rmtree_safe_fd(fd, path, onerror)
  File "/home/drigoni/Programs/miniconda/envs/construct/lib/python3.10/shutil.py", line 725, in rmtree
    _rmtree_safe_fd(fd, path, onerror)
  File "/home/drigoni/Programs/miniconda/envs/construct/lib/python3.10/shutil.py", line 725, in rmtree
    _rmtree_safe_fd(fd, path, onerror)
  File "/home/drigoni/Programs/miniconda/envs/construct/lib/python3.10/shutil.py", line 681, in _rmtree_safe_fd
    onerror(os.unlink, fullname, sys.exc_info())
  File "/home/drigoni/Programs/miniconda/envs/construct/lib/python3.10/shutil.py", line 681, in _rmtree_safe_fd
    onerror(os.unlink, fullname, sys.exc_info())
  File "/home/drigoni/Programs/miniconda/envs/construct/lib/python3.10/shutil.py", line 681, in _rmtree_safe_fd
    onerror(os.unlink, fullname, sys.exc_info())
  File "/home/drigoni/Programs/miniconda/envs/construct/lib/python3.10/shutil.py", line 681, in _rmtree_safe_fd
    onerror(os.unlink, fullname, sys.exc_info())
  File "/home/drigoni/Programs/miniconda/envs/construct/lib/python3.10/shutil.py", line 679, in _rmtree_safe_fd
    os.unlink(entry.name, dir_fd=topfd)
  File "/home/drigoni/Programs/miniconda/envs/construct/lib/python3.10/shutil.py", line 679, in _rmtree_safe_fd
    os.unlink(entry.name, dir_fd=topfd)
  File "/home/drigoni/Programs/miniconda/envs/construct/lib/python3.10/shutil.py", line 679, in _rmtree_safe_fd
    os.unlink(entry.name, dir_fd=topfd)
  File "/home/drigoni/Programs/miniconda/envs/construct/lib/python3.10/shutil.py", line 679, in _rmtree_safe_fd
    os.unlink(entry.name, dir_fd=topfd)
OSError: [Errno 16] Device or resource busy: '.nfs000000001550489a00001c39'
OSError: [Errno 16] Device or resource busy: '.nfs000000001550489c00001c38'
OSError: [Errno 16] Device or resource busy: '.nfs000000001550489900001c37'
OSError: [Errno 16] Device or resource busy: '.nfs000000001550489800001c36'
LOCAL_RANK: 0 - CUDA_VISIBLE_DEVICES: [0]
SLURM auto-requeueing enabled. Setting signal handlers.
wandb: Finishing previous runs because reinit is set to True.
wandb: updating run metadata
wandb: uploading output.log; uploading wandb-summary.json; uploading config.yaml
wandb: uploading data
wandb: 
wandb: Run history:
wandb:            epoch ▁▁▁▁▁▂▂▂▂▂▃▃▃▃▃▃▄▄▄▄▄▄▅▅▅▅▅▅▅▆▆▆▆▇▇▇▇▇▇█
wandb: train/AromaticCE █▂▂▂▂▂▂▁▁▁▁▁▁▁▁▁▁▁▁▁▁▁▁▁▁▁▁▁▁▁▁▁▁▁▁▁▁▁▁▁
wandb:   train/CarbonCE ▄▄▄▃▆▃▃▃▃▃▁▃▃▂▂▂▂▂▃▂▂▂▂▂▂▂▂▂▂▂▂▂█▂▂▃▂▂▂▂
wandb:   train/DoubleCE ▅▁▄▃▅▄▄▄▄▄▄▄█▄▄▄▄▄▄▄▄▄▄▄▄▄▄▄▄▄▄▄▄█▄▃▄▄▃▄
wandb:    train/FluorCE █▄▅▅▅▅▅▅▅▅▅▄▅▆▆▅▅▁▅▅▅▅▅▅▅▅▅▅▅▅▅▅▅▅▅▅▅▅▆▅
wandb:    train/NitroCE ▅▃▃▃▃▃▂▃▃▃▂▃▁▄▃▂▂▃▂█▃▃▃▂▂▂▂▂▂▃▂▂▂▂▂▂▂▂▂▂
wandb:   train/NoBondCE █▇▇▇▇▆▆▅▆▄▅▁▃▅▅▄▅▅▄▂▄▄▄▅▄▄▅▄▄█▄▄▄▅▄▄▄▄▄▄
wandb:      train/OxyCE █▆▆▅▆▅▇▄▅▄▅▄▄▅▂▃▄▄▃▃▄▃▃▄▄▄▃▃▄▃▄▆▄▃▄▃▄▁▃▂
wandb:   train/SingleCE ▁▆▆▆▆▅▅▅▆▅▂▅▅█▅▅▅▁▅▅▅▅▅▅▅▅▅▄▄▄▅▅▄▄▅▄▅▅▄▄
wandb:   train/TripleCE ███▇▇▇▇▇▇▆▇▇▇▇▇▇▇▇▆▇▇▇▇▇▇▇▇▇▇▇▇▁▆▇▇▇▇▇▇▇
wandb:              +39 ...
wandb: 
wandb: Run summary:
wandb:            epoch 234
wandb: train/AromaticCE 0.0
wandb:   train/CarbonCE 0.35372
wandb:   train/DoubleCE 0.05769
wandb:    train/FluorCE 0.00852
wandb:    train/NitroCE 0.20998
wandb:   train/NoBondCE 0.31403
wandb:      train/OxyCE 0.2566
wandb:   train/SingleCE 0.29414
wandb:   train/TripleCE 0.02072
wandb:              +39 ...
wandb: 
wandb: 🚀 View run qm9_thesis_no_constraint-qm9 at: https://wandb.ai/drigoni/ConStruct/runs/5zstl0j7
wandb: ⭐️ View project at: https://wandb.ai/drigoni/ConStruct
wandb: Synced 6 W&B file(s), 420 media file(s), 0 artifact file(s) and 3 other file(s)
wandb: Find logs at: ./wandb/run-20260625_144608-5zstl0j7/logs
wandb: setting up run 612bryu7
wandb: Tracking run with wandb version 0.28.0
wandb: Run data is saved locally in /home/drigoni/repository/ConStruct-Thesis/ConStruct/wandb/run-20260625_211721-612bryu7
wandb: Run `wandb offline` to turn off syncing.
wandb: Syncing run qm9_thesis_no_constraint-qm9
wandb: ⭐️ View project at https://wandb.ai/drigoni/ConStruct
wandb: 🚀 View run at https://wandb.ai/drigoni/ConStruct/runs/612bryu7
wandb: WARNING Symlinked 8 files into the W&B run directory; call wandb.save again to sync new files.
Test loss: 69.7257
Epoch 235: test/epoch_NLL: 69.7257 -- test/X_kl: 3.1472 -- test/E_kl: 65.4474 -- test/charges_kl: 0.5758 
[2026-06-25 21:17:32] Sampling start on GR0
Samples to generate: 10000 for each of the 1 devices
Samples to save: 1000
[2026-06-25 21:17:32] Sampling a batch with 230 graphs on local rank 0. Saving 230 visualization and 200 full chains.
[2026-06-25 21:17:57] Batch sampled. Visualizing chains starts!
1/200 chains saved on local rank 0.Saving /home/drigoni/repository/ConStruct-Thesis/ConStruct/chains/epoch235/batch230_GR0/molecule_230_0.gif to wandb
wandb: WARNING `fps` argument does not affect the frame rate of the video when providing a file path or raw bytes.
2/200 chains saved on local rank 0.Saving /home/drigoni/repository/ConStruct-Thesis/ConStruct/chains/epoch235/batch230_GR0/molecule_231_0.gif to wandb
wandb: WARNING `fps` argument does not affect the frame rate of the video when providing a file path or raw bytes.
3/200 chains saved on local rank 0.Saving /home/drigoni/repository/ConStruct-Thesis/ConStruct/chains/epoch235/batch230_GR0/molecule_232_0.gif to wandb
wandb: WARNING `fps` argument does not affect the frame rate of the video when providing a file path or raw bytes.
4/200 chains saved on local rank 0.Saving /home/drigoni/repository/ConStruct-Thesis/ConStruct/chains/epoch235/batch230_GR0/molecule_233_0.gif to wandb
wandb: WARNING `fps` argument does not affect the frame rate of the video when providing a file path or raw bytes.
5/200 chains saved on local rank 0.Saving /home/drigoni/repository/ConStruct-Thesis/ConStruct/chains/epoch235/batch230_GR0/molecule_234_0.gif to wandb
wandb: WARNING `fps` argument does not affect the frame rate of the video when providing a file path or raw bytes.
6/200 chains saved on local rank 0.Saving /home/drigoni/repository/ConStruct-Thesis/ConStruct/chains/epoch235/batch230_GR0/molecule_235_0.gif to wandb
wandb: WARNING `fps` argument does not affect the frame rate of the video when providing a file path or raw bytes.
7/200 chains saved on local rank 0.Saving /home/drigoni/repository/ConStruct-Thesis/ConStruct/chains/epoch235/batch230_GR0/molecule_236_0.gif to wandb
wandb: WARNING `fps` argument does not affect the frame rate of the video when providing a file path or raw bytes.
8/200 chains saved on local rank 0.Saving /home/drigoni/repository/ConStruct-Thesis/ConStruct/chains/epoch235/batch230_GR0/molecule_237_0.gif to wandb
wandb: WARNING `fps` argument does not affect the frame rate of the video when providing a file path or raw bytes.
9/200 chains saved on local rank 0.Saving /home/drigoni/repository/ConStruct-Thesis/ConStruct/chains/epoch235/batch230_GR0/molecule_238_0.gif to wandb
wandb: WARNING `fps` argument does not affect the frame rate of the video when providing a file path or raw bytes.
10/200 chains saved on local rank 0.Saving /home/drigoni/repository/ConStruct-Thesis/ConStruct/chains/epoch235/batch230_GR0/molecule_239_0.gif to wandb
wandb: WARNING `fps` argument does not affect the frame rate of the video when providing a file path or raw bytes.
11/200 chains saved on local rank 0.Saving /home/drigoni/repository/ConStruct-Thesis/ConStruct/chains/epoch235/batch230_GR0/molecule_240_0.gif to wandb
wandb: WARNING `fps` argument does not affect the frame rate of the video when providing a file path or raw bytes.
12/200 chains saved on local rank 0.Saving /home/drigoni/repository/ConStruct-Thesis/ConStruct/chains/epoch235/batch230_GR0/molecule_241_0.gif to wandb
wandb: WARNING `fps` argument does not affect the frame rate of the video when providing a file path or raw bytes.
13/200 chains saved on local rank 0.Saving /home/drigoni/repository/ConStruct-Thesis/ConStruct/chains/epoch235/batch230_GR0/molecule_242_0.gif to wandb
wandb: WARNING `fps` argument does not affect the frame rate of the video when providing a file path or raw bytes.
14/200 chains saved on local rank 0.Saving /home/drigoni/repository/ConStruct-Thesis/ConStruct/chains/epoch235/batch230_GR0/molecule_243_0.gif to wandb
wandb: WARNING `fps` argument does not affect the frame rate of the video when providing a file path or raw bytes.
15/200 chains saved on local rank 0.Saving /home/drigoni/repository/ConStruct-Thesis/ConStruct/chains/epoch235/batch230_GR0/molecule_244_0.gif to wandb
wandb: WARNING `fps` argument does not affect the frame rate of the video when providing a file path or raw bytes.
16/200 chains saved on local rank 0.Saving /home/drigoni/repository/ConStruct-Thesis/ConStruct/chains/epoch235/batch230_GR0/molecule_245_0.gif to wandb
wandb: WARNING `fps` argument does not affect the frame rate of the video when providing a file path or raw bytes.
17/200 chains saved on local rank 0.Saving /home/drigoni/repository/ConStruct-Thesis/ConStruct/chains/epoch235/batch230_GR0/molecule_246_0.gif to wandb
wandb: WARNING `fps` argument does not affect the frame rate of the video when providing a file path or raw bytes.
18/200 chains saved on local rank 0.Saving /home/drigoni/repository/ConStruct-Thesis/ConStruct/chains/epoch235/batch230_GR0/molecule_247_0.gif to wandb
wandb: WARNING `fps` argument does not affect the frame rate of the video when providing a file path or raw bytes.
19/200 chains saved on local rank 0.Saving /home/drigoni/repository/ConStruct-Thesis/ConStruct/chains/epoch235/batch230_GR0/molecule_248_0.gif to wandb
wandb: WARNING `fps` argument does not affect the frame rate of the video when providing a file path or raw bytes.
20/200 chains saved on local rank 0.Saving /home/drigoni/repository/ConStruct-Thesis/ConStruct/chains/epoch235/batch230_GR0/molecule_249_0.gif to wandb
wandb: WARNING `fps` argument does not affect the frame rate of the video when providing a file path or raw bytes.
21/200 chains saved on local rank 0.Saving /home/drigoni/repository/ConStruct-Thesis/ConStruct/chains/epoch235/batch230_GR0/molecule_250_0.gif to wandb
wandb: WARNING `fps` argument does not affect the frame rate of the video when providing a file path or raw bytes.
22/200 chains saved on local rank 0.Saving /home/drigoni/repository/ConStruct-Thesis/ConStruct/chains/epoch235/batch230_GR0/molecule_251_0.gif to wandb
wandb: WARNING `fps` argument does not affect the frame rate of the video when providing a file path or raw bytes.
23/200 chains saved on local rank 0.Saving /home/drigoni/repository/ConStruct-Thesis/ConStruct/chains/epoch235/batch230_GR0/molecule_252_0.gif to wandb
wandb: WARNING `fps` argument does not affect the frame rate of the video when providing a file path or raw bytes.
24/200 chains saved on local rank 0.Saving /home/drigoni/repository/ConStruct-Thesis/ConStruct/chains/epoch235/batch230_GR0/molecule_253_0.gif to wandb
wandb: WARNING `fps` argument does not affect the frame rate of the video when providing a file path or raw bytes.
25/200 chains saved on local rank 0.Saving /home/drigoni/repository/ConStruct-Thesis/ConStruct/chains/epoch235/batch230_GR0/molecule_254_0.gif to wandb
wandb: WARNING `fps` argument does not affect the frame rate of the video when providing a file path or raw bytes.
26/200 chains saved on local rank 0.Saving /home/drigoni/repository/ConStruct-Thesis/ConStruct/chains/epoch235/batch230_GR0/molecule_255_0.gif to wandb
wandb: WARNING `fps` argument does not affect the frame rate of the video when providing a file path or raw bytes.
27/200 chains saved on local rank 0.Saving /home/drigoni/repository/ConStruct-Thesis/ConStruct/chains/epoch235/batch230_GR0/molecule_256_0.gif to wandb
wandb: WARNING `fps` argument does not affect the frame rate of the video when providing a file path or raw bytes.
28/200 chains saved on local rank 0.Saving /home/drigoni/repository/ConStruct-Thesis/ConStruct/chains/epoch235/batch230_GR0/molecule_257_0.gif to wandb
wandb: WARNING `fps` argument does not affect the frame rate of the video when providing a file path or raw bytes.
29/200 chains saved on local rank 0.Saving /home/drigoni/repository/ConStruct-Thesis/ConStruct/chains/epoch235/batch230_GR0/molecule_258_0.gif to wandb
wandb: WARNING `fps` argument does not affect the frame rate of the video when providing a file path or raw bytes.
30/200 chains saved on local rank 0.Saving /home/drigoni/repository/ConStruct-Thesis/ConStruct/chains/epoch235/batch230_GR0/molecule_259_0.gif to wandb
wandb: WARNING `fps` argument does not affect the frame rate of the video when providing a file path or raw bytes.
31/200 chains saved on local rank 0.Saving /home/drigoni/repository/ConStruct-Thesis/ConStruct/chains/epoch235/batch230_GR0/molecule_260_0.gif to wandb
wandb: WARNING `fps` argument does not affect the frame rate of the video when providing a file path or raw bytes.
32/200 chains saved on local rank 0.Saving /home/drigoni/repository/ConStruct-Thesis/ConStruct/chains/epoch235/batch230_GR0/molecule_261_0.gif to wandb
wandb: WARNING `fps` argument does not affect the frame rate of the video when providing a file path or raw bytes.
33/200 chains saved on local rank 0.Saving /home/drigoni/repository/ConStruct-Thesis/ConStruct/chains/epoch235/batch230_GR0/molecule_262_0.gif to wandb
wandb: WARNING `fps` argument does not affect the frame rate of the video when providing a file path or raw bytes.
34/200 chains saved on local rank 0.Saving /home/drigoni/repository/ConStruct-Thesis/ConStruct/chains/epoch235/batch230_GR0/molecule_263_0.gif to wandb
wandb: WARNING `fps` argument does not affect the frame rate of the video when providing a file path or raw bytes.
35/200 chains saved on local rank 0.Saving /home/drigoni/repository/ConStruct-Thesis/ConStruct/chains/epoch235/batch230_GR0/molecule_264_0.gif to wandb
wandb: WARNING `fps` argument does not affect the frame rate of the video when providing a file path or raw bytes.
36/200 chains saved on local rank 0.Saving /home/drigoni/repository/ConStruct-Thesis/ConStruct/chains/epoch235/batch230_GR0/molecule_265_0.gif to wandb
wandb: WARNING `fps` argument does not affect the frame rate of the video when providing a file path or raw bytes.
37/200 chains saved on local rank 0.Saving /home/drigoni/repository/ConStruct-Thesis/ConStruct/chains/epoch235/batch230_GR0/molecule_266_0.gif to wandb
wandb: WARNING `fps` argument does not affect the frame rate of the video when providing a file path or raw bytes.
38/200 chains saved on local rank 0.Saving /home/drigoni/repository/ConStruct-Thesis/ConStruct/chains/epoch235/batch230_GR0/molecule_267_0.gif to wandb
wandb: WARNING `fps` argument does not affect the frame rate of the video when providing a file path or raw bytes.
39/200 chains saved on local rank 0.Saving /home/drigoni/repository/ConStruct-Thesis/ConStruct/chains/epoch235/batch230_GR0/molecule_268_0.gif to wandb
wandb: WARNING `fps` argument does not affect the frame rate of the video when providing a file path or raw bytes.
40/200 chains saved on local rank 0.Saving /home/drigoni/repository/ConStruct-Thesis/ConStruct/chains/epoch235/batch230_GR0/molecule_269_0.gif to wandb
wandb: WARNING `fps` argument does not affect the frame rate of the video when providing a file path or raw bytes.
41/200 chains saved on local rank 0.Saving /home/drigoni/repository/ConStruct-Thesis/ConStruct/chains/epoch235/batch230_GR0/molecule_270_0.gif to wandb
wandb: WARNING `fps` argument does not affect the frame rate of the video when providing a file path or raw bytes.
42/200 chains saved on local rank 0.Saving /home/drigoni/repository/ConStruct-Thesis/ConStruct/chains/epoch235/batch230_GR0/molecule_271_0.gif to wandb
wandb: WARNING `fps` argument does not affect the frame rate of the video when providing a file path or raw bytes.
43/200 chains saved on local rank 0.Saving /home/drigoni/repository/ConStruct-Thesis/ConStruct/chains/epoch235/batch230_GR0/molecule_272_0.gif to wandb
wandb: WARNING `fps` argument does not affect the frame rate of the video when providing a file path or raw bytes.
44/200 chains saved on local rank 0.Saving /home/drigoni/repository/ConStruct-Thesis/ConStruct/chains/epoch235/batch230_GR0/molecule_273_0.gif to wandb
wandb: WARNING `fps` argument does not affect the frame rate of the video when providing a file path or raw bytes.
45/200 chains saved on local rank 0.Saving /home/drigoni/repository/ConStruct-Thesis/ConStruct/chains/epoch235/batch230_GR0/molecule_274_0.gif to wandb
wandb: WARNING `fps` argument does not affect the frame rate of the video when providing a file path or raw bytes.
46/200 chains saved on local rank 0.Saving /home/drigoni/repository/ConStruct-Thesis/ConStruct/chains/epoch235/batch230_GR0/molecule_275_0.gif to wandb
wandb: WARNING `fps` argument does not affect the frame rate of the video when providing a file path or raw bytes.
47/200 chains saved on local rank 0.Saving /home/drigoni/repository/ConStruct-Thesis/ConStruct/chains/epoch235/batch230_GR0/molecule_276_0.gif to wandb
wandb: WARNING `fps` argument does not affect the frame rate of the video when providing a file path or raw bytes.
48/200 chains saved on local rank 0.Saving /home/drigoni/repository/ConStruct-Thesis/ConStruct/chains/epoch235/batch230_GR0/molecule_277_0.gif to wandb
wandb: WARNING `fps` argument does not affect the frame rate of the video when providing a file path or raw bytes.
49/200 chains saved on local rank 0.Saving /home/drigoni/repository/ConStruct-Thesis/ConStruct/chains/epoch235/batch230_GR0/molecule_278_0.gif to wandb
wandb: WARNING `fps` argument does not affect the frame rate of the video when providing a file path or raw bytes.
50/200 chains saved on local rank 0.Saving /home/drigoni/repository/ConStruct-Thesis/ConStruct/chains/epoch235/batch230_GR0/molecule_279_0.gif to wandb
wandb: WARNING `fps` argument does not affect the frame rate of the video when providing a file path or raw bytes.
51/200 chains saved on local rank 0.Saving /home/drigoni/repository/ConStruct-Thesis/ConStruct/chains/epoch235/batch230_GR0/molecule_280_0.gif to wandb
wandb: WARNING `fps` argument does not affect the frame rate of the video when providing a file path or raw bytes.
52/200 chains saved on local rank 0.Saving /home/drigoni/repository/ConStruct-Thesis/ConStruct/chains/epoch235/batch230_GR0/molecule_281_0.gif to wandb
wandb: WARNING `fps` argument does not affect the frame rate of the video when providing a file path or raw bytes.
53/200 chains saved on local rank 0.Saving /home/drigoni/repository/ConStruct-Thesis/ConStruct/chains/epoch235/batch230_GR0/molecule_282_0.gif to wandb
wandb: WARNING `fps` argument does not affect the frame rate of the video when providing a file path or raw bytes.
54/200 chains saved on local rank 0.Saving /home/drigoni/repository/ConStruct-Thesis/ConStruct/chains/epoch235/batch230_GR0/molecule_283_0.gif to wandb
wandb: WARNING `fps` argument does not affect the frame rate of the video when providing a file path or raw bytes.
55/200 chains saved on local rank 0.Saving /home/drigoni/repository/ConStruct-Thesis/ConStruct/chains/epoch235/batch230_GR0/molecule_284_0.gif to wandb
wandb: WARNING `fps` argument does not affect the frame rate of the video when providing a file path or raw bytes.
56/200 chains saved on local rank 0.Saving /home/drigoni/repository/ConStruct-Thesis/ConStruct/chains/epoch235/batch230_GR0/molecule_285_0.gif to wandb
wandb: WARNING `fps` argument does not affect the frame rate of the video when providing a file path or raw bytes.
57/200 chains saved on local rank 0.Saving /home/drigoni/repository/ConStruct-Thesis/ConStruct/chains/epoch235/batch230_GR0/molecule_286_0.gif to wandb
wandb: WARNING `fps` argument does not affect the frame rate of the video when providing a file path or raw bytes.
58/200 chains saved on local rank 0.Saving /home/drigoni/repository/ConStruct-Thesis/ConStruct/chains/epoch235/batch230_GR0/molecule_287_0.gif to wandb
wandb: WARNING `fps` argument does not affect the frame rate of the video when providing a file path or raw bytes.
59/200 chains saved on local rank 0.Saving /home/drigoni/repository/ConStruct-Thesis/ConStruct/chains/epoch235/batch230_GR0/molecule_288_0.gif to wandb
wandb: WARNING `fps` argument does not affect the frame rate of the video when providing a file path or raw bytes.
60/200 chains saved on local rank 0.Saving /home/drigoni/repository/ConStruct-Thesis/ConStruct/chains/epoch235/batch230_GR0/molecule_289_0.gif to wandb
wandb: WARNING `fps` argument does not affect the frame rate of the video when providing a file path or raw bytes.
61/200 chains saved on local rank 0.Saving /home/drigoni/repository/ConStruct-Thesis/ConStruct/chains/epoch235/batch230_GR0/molecule_290_0.gif to wandb
wandb: WARNING `fps` argument does not affect the frame rate of the video when providing a file path or raw bytes.
62/200 chains saved on local rank 0.Saving /home/drigoni/repository/ConStruct-Thesis/ConStruct/chains/epoch235/batch230_GR0/molecule_291_0.gif to wandb
wandb: WARNING `fps` argument does not affect the frame rate of the video when providing a file path or raw bytes.
63/200 chains saved on local rank 0.Saving /home/drigoni/repository/ConStruct-Thesis/ConStruct/chains/epoch235/batch230_GR0/molecule_292_0.gif to wandb
wandb: WARNING `fps` argument does not affect the frame rate of the video when providing a file path or raw bytes.
64/200 chains saved on local rank 0.Saving /home/drigoni/repository/ConStruct-Thesis/ConStruct/chains/epoch235/batch230_GR0/molecule_293_0.gif to wandb
wandb: WARNING `fps` argument does not affect the frame rate of the video when providing a file path or raw bytes.
65/200 chains saved on local rank 0.Saving /home/drigoni/repository/ConStruct-Thesis/ConStruct/chains/epoch235/batch230_GR0/molecule_294_0.gif to wandb
wandb: WARNING `fps` argument does not affect the frame rate of the video when providing a file path or raw bytes.
66/200 chains saved on local rank 0.Saving /home/drigoni/repository/ConStruct-Thesis/ConStruct/chains/epoch235/batch230_GR0/molecule_295_0.gif to wandb
wandb: WARNING `fps` argument does not affect the frame rate of the video when providing a file path or raw bytes.
67/200 chains saved on local rank 0.Saving /home/drigoni/repository/ConStruct-Thesis/ConStruct/chains/epoch235/batch230_GR0/molecule_296_0.gif to wandb
wandb: WARNING `fps` argument does not affect the frame rate of the video when providing a file path or raw bytes.
68/200 chains saved on local rank 0.Saving /home/drigoni/repository/ConStruct-Thesis/ConStruct/chains/epoch235/batch230_GR0/molecule_297_0.gif to wandb
wandb: WARNING `fps` argument does not affect the frame rate of the video when providing a file path or raw bytes.
69/200 chains saved on local rank 0.Saving /home/drigoni/repository/ConStruct-Thesis/ConStruct/chains/epoch235/batch230_GR0/molecule_298_0.gif to wandb
wandb: WARNING `fps` argument does not affect the frame rate of the video when providing a file path or raw bytes.
70/200 chains saved on local rank 0.Saving /home/drigoni/repository/ConStruct-Thesis/ConStruct/chains/epoch235/batch230_GR0/molecule_299_0.gif to wandb
wandb: WARNING `fps` argument does not affect the frame rate of the video when providing a file path or raw bytes.
71/200 chains saved on local rank 0.Saving /home/drigoni/repository/ConStruct-Thesis/ConStruct/chains/epoch235/batch230_GR0/molecule_300_0.gif to wandb
wandb: WARNING `fps` argument does not affect the frame rate of the video when providing a file path or raw bytes.
72/200 chains saved on local rank 0.Saving /home/drigoni/repository/ConStruct-Thesis/ConStruct/chains/epoch235/batch230_GR0/molecule_301_0.gif to wandb
wandb: WARNING `fps` argument does not affect the frame rate of the video when providing a file path or raw bytes.
73/200 chains saved on local rank 0.Saving /home/drigoni/repository/ConStruct-Thesis/ConStruct/chains/epoch235/batch230_GR0/molecule_302_0.gif to wandb
wandb: WARNING `fps` argument does not affect the frame rate of the video when providing a file path or raw bytes.
74/200 chains saved on local rank 0.Saving /home/drigoni/repository/ConStruct-Thesis/ConStruct/chains/epoch235/batch230_GR0/molecule_303_0.gif to wandb
wandb: WARNING `fps` argument does not affect the frame rate of the video when providing a file path or raw bytes.
75/200 chains saved on local rank 0.Saving /home/drigoni/repository/ConStruct-Thesis/ConStruct/chains/epoch235/batch230_GR0/molecule_304_0.gif to wandb
wandb: WARNING `fps` argument does not affect the frame rate of the video when providing a file path or raw bytes.
76/200 chains saved on local rank 0.Saving /home/drigoni/repository/ConStruct-Thesis/ConStruct/chains/epoch235/batch230_GR0/molecule_305_0.gif to wandb
wandb: WARNING `fps` argument does not affect the frame rate of the video when providing a file path or raw bytes.
77/200 chains saved on local rank 0.Saving /home/drigoni/repository/ConStruct-Thesis/ConStruct/chains/epoch235/batch230_GR0/molecule_306_0.gif to wandb
wandb: WARNING `fps` argument does not affect the frame rate of the video when providing a file path or raw bytes.
78/200 chains saved on local rank 0.Saving /home/drigoni/repository/ConStruct-Thesis/ConStruct/chains/epoch235/batch230_GR0/molecule_307_0.gif to wandb
wandb: WARNING `fps` argument does not affect the frame rate of the video when providing a file path or raw bytes.
79/200 chains saved on local rank 0.Saving /home/drigoni/repository/ConStruct-Thesis/ConStruct/chains/epoch235/batch230_GR0/molecule_308_0.gif to wandb
wandb: WARNING `fps` argument does not affect the frame rate of the video when providing a file path or raw bytes.
80/200 chains saved on local rank 0.Saving /home/drigoni/repository/ConStruct-Thesis/ConStruct/chains/epoch235/batch230_GR0/molecule_309_0.gif to wandb
wandb: WARNING `fps` argument does not affect the frame rate of the video when providing a file path or raw bytes.
81/200 chains saved on local rank 0.Saving /home/drigoni/repository/ConStruct-Thesis/ConStruct/chains/epoch235/batch230_GR0/molecule_310_0.gif to wandb
wandb: WARNING `fps` argument does not affect the frame rate of the video when providing a file path or raw bytes.
82/200 chains saved on local rank 0.Saving /home/drigoni/repository/ConStruct-Thesis/ConStruct/chains/epoch235/batch230_GR0/molecule_311_0.gif to wandb
wandb: WARNING `fps` argument does not affect the frame rate of the video when providing a file path or raw bytes.
83/200 chains saved on local rank 0.Saving /home/drigoni/repository/ConStruct-Thesis/ConStruct/chains/epoch235/batch230_GR0/molecule_312_0.gif to wandb
wandb: WARNING `fps` argument does not affect the frame rate of the video when providing a file path or raw bytes.
84/200 chains saved on local rank 0.Saving /home/drigoni/repository/ConStruct-Thesis/ConStruct/chains/epoch235/batch230_GR0/molecule_313_0.gif to wandb
wandb: WARNING `fps` argument does not affect the frame rate of the video when providing a file path or raw bytes.
85/200 chains saved on local rank 0.Saving /home/drigoni/repository/ConStruct-Thesis/ConStruct/chains/epoch235/batch230_GR0/molecule_314_0.gif to wandb
wandb: WARNING `fps` argument does not affect the frame rate of the video when providing a file path or raw bytes.
86/200 chains saved on local rank 0.Saving /home/drigoni/repository/ConStruct-Thesis/ConStruct/chains/epoch235/batch230_GR0/molecule_315_0.gif to wandb
wandb: WARNING `fps` argument does not affect the frame rate of the video when providing a file path or raw bytes.
87/200 chains saved on local rank 0.Saving /home/drigoni/repository/ConStruct-Thesis/ConStruct/chains/epoch235/batch230_GR0/molecule_316_0.gif to wandb
wandb: WARNING `fps` argument does not affect the frame rate of the video when providing a file path or raw bytes.
88/200 chains saved on local rank 0.Saving /home/drigoni/repository/ConStruct-Thesis/ConStruct/chains/epoch235/batch230_GR0/molecule_317_0.gif to wandb
wandb: WARNING `fps` argument does not affect the frame rate of the video when providing a file path or raw bytes.
89/200 chains saved on local rank 0.Saving /home/drigoni/repository/ConStruct-Thesis/ConStruct/chains/epoch235/batch230_GR0/molecule_318_0.gif to wandb
wandb: WARNING `fps` argument does not affect the frame rate of the video when providing a file path or raw bytes.
90/200 chains saved on local rank 0.Saving /home/drigoni/repository/ConStruct-Thesis/ConStruct/chains/epoch235/batch230_GR0/molecule_319_0.gif to wandb
wandb: WARNING `fps` argument does not affect the frame rate of the video when providing a file path or raw bytes.
91/200 chains saved on local rank 0.Saving /home/drigoni/repository/ConStruct-Thesis/ConStruct/chains/epoch235/batch230_GR0/molecule_320_0.gif to wandb
wandb: WARNING `fps` argument does not affect the frame rate of the video when providing a file path or raw bytes.
92/200 chains saved on local rank 0.Saving /home/drigoni/repository/ConStruct-Thesis/ConStruct/chains/epoch235/batch230_GR0/molecule_321_0.gif to wandb
wandb: WARNING `fps` argument does not affect the frame rate of the video when providing a file path or raw bytes.
93/200 chains saved on local rank 0.Saving /home/drigoni/repository/ConStruct-Thesis/ConStruct/chains/epoch235/batch230_GR0/molecule_322_0.gif to wandb
wandb: WARNING `fps` argument does not affect the frame rate of the video when providing a file path or raw bytes.
94/200 chains saved on local rank 0.Saving /home/drigoni/repository/ConStruct-Thesis/ConStruct/chains/epoch235/batch230_GR0/molecule_323_0.gif to wandb
wandb: WARNING `fps` argument does not affect the frame rate of the video when providing a file path or raw bytes.
95/200 chains saved on local rank 0.Saving /home/drigoni/repository/ConStruct-Thesis/ConStruct/chains/epoch235/batch230_GR0/molecule_324_0.gif to wandb
wandb: WARNING `fps` argument does not affect the frame rate of the video when providing a file path or raw bytes.
96/200 chains saved on local rank 0.Saving /home/drigoni/repository/ConStruct-Thesis/ConStruct/chains/epoch235/batch230_GR0/molecule_325_0.gif to wandb
wandb: WARNING `fps` argument does not affect the frame rate of the video when providing a file path or raw bytes.
97/200 chains saved on local rank 0.Saving /home/drigoni/repository/ConStruct-Thesis/ConStruct/chains/epoch235/batch230_GR0/molecule_326_0.gif to wandb
wandb: WARNING `fps` argument does not affect the frame rate of the video when providing a file path or raw bytes.
98/200 chains saved on local rank 0.Saving /home/drigoni/repository/ConStruct-Thesis/ConStruct/chains/epoch235/batch230_GR0/molecule_327_0.gif to wandb
wandb: WARNING `fps` argument does not affect the frame rate of the video when providing a file path or raw bytes.
99/200 chains saved on local rank 0.Saving /home/drigoni/repository/ConStruct-Thesis/ConStruct/chains/epoch235/batch230_GR0/molecule_328_0.gif to wandb
wandb: WARNING `fps` argument does not affect the frame rate of the video when providing a file path or raw bytes.
100/200 chains saved on local rank 0.Saving /home/drigoni/repository/ConStruct-Thesis/ConStruct/chains/epoch235/batch230_GR0/molecule_329_0.gif to wandb
wandb: WARNING `fps` argument does not affect the frame rate of the video when providing a file path or raw bytes.
101/200 chains saved on local rank 0.Saving /home/drigoni/repository/ConStruct-Thesis/ConStruct/chains/epoch235/batch230_GR0/molecule_330_0.gif to wandb
wandb: WARNING `fps` argument does not affect the frame rate of the video when providing a file path or raw bytes.
102/200 chains saved on local rank 0.Saving /home/drigoni/repository/ConStruct-Thesis/ConStruct/chains/epoch235/batch230_GR0/molecule_331_0.gif to wandb
wandb: WARNING `fps` argument does not affect the frame rate of the video when providing a file path or raw bytes.
103/200 chains saved on local rank 0.Saving /home/drigoni/repository/ConStruct-Thesis/ConStruct/chains/epoch235/batch230_GR0/molecule_332_0.gif to wandb
wandb: WARNING `fps` argument does not affect the frame rate of the video when providing a file path or raw bytes.
104/200 chains saved on local rank 0.Saving /home/drigoni/repository/ConStruct-Thesis/ConStruct/chains/epoch235/batch230_GR0/molecule_333_0.gif to wandb
wandb: WARNING `fps` argument does not affect the frame rate of the video when providing a file path or raw bytes.
105/200 chains saved on local rank 0.Saving /home/drigoni/repository/ConStruct-Thesis/ConStruct/chains/epoch235/batch230_GR0/molecule_334_0.gif to wandb
wandb: WARNING `fps` argument does not affect the frame rate of the video when providing a file path or raw bytes.
106/200 chains saved on local rank 0.Saving /home/drigoni/repository/ConStruct-Thesis/ConStruct/chains/epoch235/batch230_GR0/molecule_335_0.gif to wandb
wandb: WARNING `fps` argument does not affect the frame rate of the video when providing a file path or raw bytes.
107/200 chains saved on local rank 0.Saving /home/drigoni/repository/ConStruct-Thesis/ConStruct/chains/epoch235/batch230_GR0/molecule_336_0.gif to wandb
wandb: WARNING `fps` argument does not affect the frame rate of the video when providing a file path or raw bytes.
108/200 chains saved on local rank 0.Saving /home/drigoni/repository/ConStruct-Thesis/ConStruct/chains/epoch235/batch230_GR0/molecule_337_0.gif to wandb
wandb: WARNING `fps` argument does not affect the frame rate of the video when providing a file path or raw bytes.
109/200 chains saved on local rank 0.Saving /home/drigoni/repository/ConStruct-Thesis/ConStruct/chains/epoch235/batch230_GR0/molecule_338_0.gif to wandb
wandb: WARNING `fps` argument does not affect the frame rate of the video when providing a file path or raw bytes.
110/200 chains saved on local rank 0.Saving /home/drigoni/repository/ConStruct-Thesis/ConStruct/chains/epoch235/batch230_GR0/molecule_339_0.gif to wandb
wandb: WARNING `fps` argument does not affect the frame rate of the video when providing a file path or raw bytes.
111/200 chains saved on local rank 0.Saving /home/drigoni/repository/ConStruct-Thesis/ConStruct/chains/epoch235/batch230_GR0/molecule_340_0.gif to wandb
wandb: WARNING `fps` argument does not affect the frame rate of the video when providing a file path or raw bytes.
112/200 chains saved on local rank 0.Saving /home/drigoni/repository/ConStruct-Thesis/ConStruct/chains/epoch235/batch230_GR0/molecule_341_0.gif to wandb
wandb: WARNING `fps` argument does not affect the frame rate of the video when providing a file path or raw bytes.
113/200 chains saved on local rank 0.Saving /home/drigoni/repository/ConStruct-Thesis/ConStruct/chains/epoch235/batch230_GR0/molecule_342_0.gif to wandb
wandb: WARNING `fps` argument does not affect the frame rate of the video when providing a file path or raw bytes.
114/200 chains saved on local rank 0.Saving /home/drigoni/repository/ConStruct-Thesis/ConStruct/chains/epoch235/batch230_GR0/molecule_343_0.gif to wandb
wandb: WARNING `fps` argument does not affect the frame rate of the video when providing a file path or raw bytes.
115/200 chains saved on local rank 0.Saving /home/drigoni/repository/ConStruct-Thesis/ConStruct/chains/epoch235/batch230_GR0/molecule_344_0.gif to wandb
wandb: WARNING `fps` argument does not affect the frame rate of the video when providing a file path or raw bytes.
116/200 chains saved on local rank 0.Saving /home/drigoni/repository/ConStruct-Thesis/ConStruct/chains/epoch235/batch230_GR0/molecule_345_0.gif to wandb
wandb: WARNING `fps` argument does not affect the frame rate of the video when providing a file path or raw bytes.
117/200 chains saved on local rank 0.Saving /home/drigoni/repository/ConStruct-Thesis/ConStruct/chains/epoch235/batch230_GR0/molecule_346_0.gif to wandb
wandb: WARNING `fps` argument does not affect the frame rate of the video when providing a file path or raw bytes.
118/200 chains saved on local rank 0.Saving /home/drigoni/repository/ConStruct-Thesis/ConStruct/chains/epoch235/batch230_GR0/molecule_347_0.gif to wandb
wandb: WARNING `fps` argument does not affect the frame rate of the video when providing a file path or raw bytes.
119/200 chains saved on local rank 0.Saving /home/drigoni/repository/ConStruct-Thesis/ConStruct/chains/epoch235/batch230_GR0/molecule_348_0.gif to wandb
wandb: WARNING `fps` argument does not affect the frame rate of the video when providing a file path or raw bytes.
120/200 chains saved on local rank 0.Saving /home/drigoni/repository/ConStruct-Thesis/ConStruct/chains/epoch235/batch230_GR0/molecule_349_0.gif to wandb
wandb: WARNING `fps` argument does not affect the frame rate of the video when providing a file path or raw bytes.
121/200 chains saved on local rank 0.Saving /home/drigoni/repository/ConStruct-Thesis/ConStruct/chains/epoch235/batch230_GR0/molecule_350_0.gif to wandb
wandb: WARNING `fps` argument does not affect the frame rate of the video when providing a file path or raw bytes.
122/200 chains saved on local rank 0.Saving /home/drigoni/repository/ConStruct-Thesis/ConStruct/chains/epoch235/batch230_GR0/molecule_351_0.gif to wandb
wandb: WARNING `fps` argument does not affect the frame rate of the video when providing a file path or raw bytes.
123/200 chains saved on local rank 0.Saving /home/drigoni/repository/ConStruct-Thesis/ConStruct/chains/epoch235/batch230_GR0/molecule_352_0.gif to wandb
wandb: WARNING `fps` argument does not affect the frame rate of the video when providing a file path or raw bytes.
124/200 chains saved on local rank 0.Saving /home/drigoni/repository/ConStruct-Thesis/ConStruct/chains/epoch235/batch230_GR0/molecule_353_0.gif to wandb
wandb: WARNING `fps` argument does not affect the frame rate of the video when providing a file path or raw bytes.
125/200 chains saved on local rank 0.Saving /home/drigoni/repository/ConStruct-Thesis/ConStruct/chains/epoch235/batch230_GR0/molecule_354_0.gif to wandb
wandb: WARNING `fps` argument does not affect the frame rate of the video when providing a file path or raw bytes.
126/200 chains saved on local rank 0.Saving /home/drigoni/repository/ConStruct-Thesis/ConStruct/chains/epoch235/batch230_GR0/molecule_355_0.gif to wandb
wandb: WARNING `fps` argument does not affect the frame rate of the video when providing a file path or raw bytes.
127/200 chains saved on local rank 0.Saving /home/drigoni/repository/ConStruct-Thesis/ConStruct/chains/epoch235/batch230_GR0/molecule_356_0.gif to wandb
wandb: WARNING `fps` argument does not affect the frame rate of the video when providing a file path or raw bytes.
128/200 chains saved on local rank 0.Saving /home/drigoni/repository/ConStruct-Thesis/ConStruct/chains/epoch235/batch230_GR0/molecule_357_0.gif to wandb
wandb: WARNING `fps` argument does not affect the frame rate of the video when providing a file path or raw bytes.
129/200 chains saved on local rank 0.Saving /home/drigoni/repository/ConStruct-Thesis/ConStruct/chains/epoch235/batch230_GR0/molecule_358_0.gif to wandb
wandb: WARNING `fps` argument does not affect the frame rate of the video when providing a file path or raw bytes.
130/200 chains saved on local rank 0.Saving /home/drigoni/repository/ConStruct-Thesis/ConStruct/chains/epoch235/batch230_GR0/molecule_359_0.gif to wandb
wandb: WARNING `fps` argument does not affect the frame rate of the video when providing a file path or raw bytes.
131/200 chains saved on local rank 0.Saving /home/drigoni/repository/ConStruct-Thesis/ConStruct/chains/epoch235/batch230_GR0/molecule_360_0.gif to wandb
wandb: WARNING `fps` argument does not affect the frame rate of the video when providing a file path or raw bytes.
132/200 chains saved on local rank 0.Saving /home/drigoni/repository/ConStruct-Thesis/ConStruct/chains/epoch235/batch230_GR0/molecule_361_0.gif to wandb
wandb: WARNING `fps` argument does not affect the frame rate of the video when providing a file path or raw bytes.
133/200 chains saved on local rank 0.Saving /home/drigoni/repository/ConStruct-Thesis/ConStruct/chains/epoch235/batch230_GR0/molecule_362_0.gif to wandb
wandb: WARNING `fps` argument does not affect the frame rate of the video when providing a file path or raw bytes.
134/200 chains saved on local rank 0.Saving /home/drigoni/repository/ConStruct-Thesis/ConStruct/chains/epoch235/batch230_GR0/molecule_363_0.gif to wandb
wandb: WARNING `fps` argument does not affect the frame rate of the video when providing a file path or raw bytes.
135/200 chains saved on local rank 0.Saving /home/drigoni/repository/ConStruct-Thesis/ConStruct/chains/epoch235/batch230_GR0/molecule_364_0.gif to wandb
wandb: WARNING `fps` argument does not affect the frame rate of the video when providing a file path or raw bytes.
136/200 chains saved on local rank 0.Saving /home/drigoni/repository/ConStruct-Thesis/ConStruct/chains/epoch235/batch230_GR0/molecule_365_0.gif to wandb
wandb: WARNING `fps` argument does not affect the frame rate of the video when providing a file path or raw bytes.
137/200 chains saved on local rank 0.Saving /home/drigoni/repository/ConStruct-Thesis/ConStruct/chains/epoch235/batch230_GR0/molecule_366_0.gif to wandb
wandb: WARNING `fps` argument does not affect the frame rate of the video when providing a file path or raw bytes.
138/200 chains saved on local rank 0.Saving /home/drigoni/repository/ConStruct-Thesis/ConStruct/chains/epoch235/batch230_GR0/molecule_367_0.gif to wandb
wandb: WARNING `fps` argument does not affect the frame rate of the video when providing a file path or raw bytes.
139/200 chains saved on local rank 0.Saving /home/drigoni/repository/ConStruct-Thesis/ConStruct/chains/epoch235/batch230_GR0/molecule_368_0.gif to wandb
wandb: WARNING `fps` argument does not affect the frame rate of the video when providing a file path or raw bytes.
140/200 chains saved on local rank 0.Saving /home/drigoni/repository/ConStruct-Thesis/ConStruct/chains/epoch235/batch230_GR0/molecule_369_0.gif to wandb
wandb: WARNING `fps` argument does not affect the frame rate of the video when providing a file path or raw bytes.
141/200 chains saved on local rank 0.Saving /home/drigoni/repository/ConStruct-Thesis/ConStruct/chains/epoch235/batch230_GR0/molecule_370_0.gif to wandb
wandb: WARNING `fps` argument does not affect the frame rate of the video when providing a file path or raw bytes.
142/200 chains saved on local rank 0.Saving /home/drigoni/repository/ConStruct-Thesis/ConStruct/chains/epoch235/batch230_GR0/molecule_371_0.gif to wandb
wandb: WARNING `fps` argument does not affect the frame rate of the video when providing a file path or raw bytes.
143/200 chains saved on local rank 0.Saving /home/drigoni/repository/ConStruct-Thesis/ConStruct/chains/epoch235/batch230_GR0/molecule_372_0.gif to wandb
wandb: WARNING `fps` argument does not affect the frame rate of the video when providing a file path or raw bytes.
144/200 chains saved on local rank 0.Saving /home/drigoni/repository/ConStruct-Thesis/ConStruct/chains/epoch235/batch230_GR0/molecule_373_0.gif to wandb
wandb: WARNING `fps` argument does not affect the frame rate of the video when providing a file path or raw bytes.
145/200 chains saved on local rank 0.Saving /home/drigoni/repository/ConStruct-Thesis/ConStruct/chains/epoch235/batch230_GR0/molecule_374_0.gif to wandb
wandb: WARNING `fps` argument does not affect the frame rate of the video when providing a file path or raw bytes.
146/200 chains saved on local rank 0.Saving /home/drigoni/repository/ConStruct-Thesis/ConStruct/chains/epoch235/batch230_GR0/molecule_375_0.gif to wandb
wandb: WARNING `fps` argument does not affect the frame rate of the video when providing a file path or raw bytes.
147/200 chains saved on local rank 0.Saving /home/drigoni/repository/ConStruct-Thesis/ConStruct/chains/epoch235/batch230_GR0/molecule_376_0.gif to wandb
wandb: WARNING `fps` argument does not affect the frame rate of the video when providing a file path or raw bytes.
148/200 chains saved on local rank 0.Saving /home/drigoni/repository/ConStruct-Thesis/ConStruct/chains/epoch235/batch230_GR0/molecule_377_0.gif to wandb
wandb: WARNING `fps` argument does not affect the frame rate of the video when providing a file path or raw bytes.
149/200 chains saved on local rank 0.Saving /home/drigoni/repository/ConStruct-Thesis/ConStruct/chains/epoch235/batch230_GR0/molecule_378_0.gif to wandb
wandb: WARNING `fps` argument does not affect the frame rate of the video when providing a file path or raw bytes.
150/200 chains saved on local rank 0.Saving /home/drigoni/repository/ConStruct-Thesis/ConStruct/chains/epoch235/batch230_GR0/molecule_379_0.gif to wandb
wandb: WARNING `fps` argument does not affect the frame rate of the video when providing a file path or raw bytes.
151/200 chains saved on local rank 0.Saving /home/drigoni/repository/ConStruct-Thesis/ConStruct/chains/epoch235/batch230_GR0/molecule_380_0.gif to wandb
wandb: WARNING `fps` argument does not affect the frame rate of the video when providing a file path or raw bytes.
152/200 chains saved on local rank 0.Saving /home/drigoni/repository/ConStruct-Thesis/ConStruct/chains/epoch235/batch230_GR0/molecule_381_0.gif to wandb
wandb: WARNING `fps` argument does not affect the frame rate of the video when providing a file path or raw bytes.
153/200 chains saved on local rank 0.Saving /home/drigoni/repository/ConStruct-Thesis/ConStruct/chains/epoch235/batch230_GR0/molecule_382_0.gif to wandb
wandb: WARNING `fps` argument does not affect the frame rate of the video when providing a file path or raw bytes.
154/200 chains saved on local rank 0.Saving /home/drigoni/repository/ConStruct-Thesis/ConStruct/chains/epoch235/batch230_GR0/molecule_383_0.gif to wandb
wandb: WARNING `fps` argument does not affect the frame rate of the video when providing a file path or raw bytes.
155/200 chains saved on local rank 0.Saving /home/drigoni/repository/ConStruct-Thesis/ConStruct/chains/epoch235/batch230_GR0/molecule_384_0.gif to wandb
wandb: WARNING `fps` argument does not affect the frame rate of the video when providing a file path or raw bytes.
156/200 chains saved on local rank 0.Saving /home/drigoni/repository/ConStruct-Thesis/ConStruct/chains/epoch235/batch230_GR0/molecule_385_0.gif to wandb
wandb: WARNING `fps` argument does not affect the frame rate of the video when providing a file path or raw bytes.
157/200 chains saved on local rank 0.Saving /home/drigoni/repository/ConStruct-Thesis/ConStruct/chains/epoch235/batch230_GR0/molecule_386_0.gif to wandb
wandb: WARNING `fps` argument does not affect the frame rate of the video when providing a file path or raw bytes.
158/200 chains saved on local rank 0.Saving /home/drigoni/repository/ConStruct-Thesis/ConStruct/chains/epoch235/batch230_GR0/molecule_387_0.gif to wandb
wandb: WARNING `fps` argument does not affect the frame rate of the video when providing a file path or raw bytes.
159/200 chains saved on local rank 0.Saving /home/drigoni/repository/ConStruct-Thesis/ConStruct/chains/epoch235/batch230_GR0/molecule_388_0.gif to wandb
wandb: WARNING `fps` argument does not affect the frame rate of the video when providing a file path or raw bytes.
160/200 chains saved on local rank 0.Saving /home/drigoni/repository/ConStruct-Thesis/ConStruct/chains/epoch235/batch230_GR0/molecule_389_0.gif to wandb
wandb: WARNING `fps` argument does not affect the frame rate of the video when providing a file path or raw bytes.
161/200 chains saved on local rank 0.Saving /home/drigoni/repository/ConStruct-Thesis/ConStruct/chains/epoch235/batch230_GR0/molecule_390_0.gif to wandb
wandb: WARNING `fps` argument does not affect the frame rate of the video when providing a file path or raw bytes.
162/200 chains saved on local rank 0.Saving /home/drigoni/repository/ConStruct-Thesis/ConStruct/chains/epoch235/batch230_GR0/molecule_391_0.gif to wandb
wandb: WARNING `fps` argument does not affect the frame rate of the video when providing a file path or raw bytes.
163/200 chains saved on local rank 0.Saving /home/drigoni/repository/ConStruct-Thesis/ConStruct/chains/epoch235/batch230_GR0/molecule_392_0.gif to wandb
wandb: WARNING `fps` argument does not affect the frame rate of the video when providing a file path or raw bytes.
164/200 chains saved on local rank 0.Saving /home/drigoni/repository/ConStruct-Thesis/ConStruct/chains/epoch235/batch230_GR0/molecule_393_0.gif to wandb
wandb: WARNING `fps` argument does not affect the frame rate of the video when providing a file path or raw bytes.
165/200 chains saved on local rank 0.Saving /home/drigoni/repository/ConStruct-Thesis/ConStruct/chains/epoch235/batch230_GR0/molecule_394_0.gif to wandb
wandb: WARNING `fps` argument does not affect the frame rate of the video when providing a file path or raw bytes.
166/200 chains saved on local rank 0.Saving /home/drigoni/repository/ConStruct-Thesis/ConStruct/chains/epoch235/batch230_GR0/molecule_395_0.gif to wandb
wandb: WARNING `fps` argument does not affect the frame rate of the video when providing a file path or raw bytes.
167/200 chains saved on local rank 0.Saving /home/drigoni/repository/ConStruct-Thesis/ConStruct/chains/epoch235/batch230_GR0/molecule_396_0.gif to wandb
wandb: WARNING `fps` argument does not affect the frame rate of the video when providing a file path or raw bytes.
168/200 chains saved on local rank 0.Saving /home/drigoni/repository/ConStruct-Thesis/ConStruct/chains/epoch235/batch230_GR0/molecule_397_0.gif to wandb
wandb: WARNING `fps` argument does not affect the frame rate of the video when providing a file path or raw bytes.
169/200 chains saved on local rank 0.Saving /home/drigoni/repository/ConStruct-Thesis/ConStruct/chains/epoch235/batch230_GR0/molecule_398_0.gif to wandb
wandb: WARNING `fps` argument does not affect the frame rate of the video when providing a file path or raw bytes.
170/200 chains saved on local rank 0.Saving /home/drigoni/repository/ConStruct-Thesis/ConStruct/chains/epoch235/batch230_GR0/molecule_399_0.gif to wandb
wandb: WARNING `fps` argument does not affect the frame rate of the video when providing a file path or raw bytes.
171/200 chains saved on local rank 0.Saving /home/drigoni/repository/ConStruct-Thesis/ConStruct/chains/epoch235/batch230_GR0/molecule_400_0.gif to wandb
wandb: WARNING `fps` argument does not affect the frame rate of the video when providing a file path or raw bytes.
172/200 chains saved on local rank 0.Saving /home/drigoni/repository/ConStruct-Thesis/ConStruct/chains/epoch235/batch230_GR0/molecule_401_0.gif to wandb
wandb: WARNING `fps` argument does not affect the frame rate of the video when providing a file path or raw bytes.
173/200 chains saved on local rank 0.Saving /home/drigoni/repository/ConStruct-Thesis/ConStruct/chains/epoch235/batch230_GR0/molecule_402_0.gif to wandb
wandb: WARNING `fps` argument does not affect the frame rate of the video when providing a file path or raw bytes.
174/200 chains saved on local rank 0.Saving /home/drigoni/repository/ConStruct-Thesis/ConStruct/chains/epoch235/batch230_GR0/molecule_403_0.gif to wandb
wandb: WARNING `fps` argument does not affect the frame rate of the video when providing a file path or raw bytes.
175/200 chains saved on local rank 0.Saving /home/drigoni/repository/ConStruct-Thesis/ConStruct/chains/epoch235/batch230_GR0/molecule_404_0.gif to wandb
wandb: WARNING `fps` argument does not affect the frame rate of the video when providing a file path or raw bytes.
176/200 chains saved on local rank 0.Saving /home/drigoni/repository/ConStruct-Thesis/ConStruct/chains/epoch235/batch230_GR0/molecule_405_0.gif to wandb
wandb: WARNING `fps` argument does not affect the frame rate of the video when providing a file path or raw bytes.
177/200 chains saved on local rank 0.Saving /home/drigoni/repository/ConStruct-Thesis/ConStruct/chains/epoch235/batch230_GR0/molecule_406_0.gif to wandb
wandb: WARNING `fps` argument does not affect the frame rate of the video when providing a file path or raw bytes.
178/200 chains saved on local rank 0.Saving /home/drigoni/repository/ConStruct-Thesis/ConStruct/chains/epoch235/batch230_GR0/molecule_407_0.gif to wandb
wandb: WARNING `fps` argument does not affect the frame rate of the video when providing a file path or raw bytes.
179/200 chains saved on local rank 0.Saving /home/drigoni/repository/ConStruct-Thesis/ConStruct/chains/epoch235/batch230_GR0/molecule_408_0.gif to wandb
wandb: WARNING `fps` argument does not affect the frame rate of the video when providing a file path or raw bytes.
180/200 chains saved on local rank 0.Saving /home/drigoni/repository/ConStruct-Thesis/ConStruct/chains/epoch235/batch230_GR0/molecule_409_0.gif to wandb
wandb: WARNING `fps` argument does not affect the frame rate of the video when providing a file path or raw bytes.
181/200 chains saved on local rank 0.Saving /home/drigoni/repository/ConStruct-Thesis/ConStruct/chains/epoch235/batch230_GR0/molecule_410_0.gif to wandb
wandb: WARNING `fps` argument does not affect the frame rate of the video when providing a file path or raw bytes.
182/200 chains saved on local rank 0.Saving /home/drigoni/repository/ConStruct-Thesis/ConStruct/chains/epoch235/batch230_GR0/molecule_411_0.gif to wandb
wandb: WARNING `fps` argument does not affect the frame rate of the video when providing a file path or raw bytes.
183/200 chains saved on local rank 0.Saving /home/drigoni/repository/ConStruct-Thesis/ConStruct/chains/epoch235/batch230_GR0/molecule_412_0.gif to wandb
wandb: WARNING `fps` argument does not affect the frame rate of the video when providing a file path or raw bytes.
184/200 chains saved on local rank 0.Saving /home/drigoni/repository/ConStruct-Thesis/ConStruct/chains/epoch235/batch230_GR0/molecule_413_0.gif to wandb
wandb: WARNING `fps` argument does not affect the frame rate of the video when providing a file path or raw bytes.
185/200 chains saved on local rank 0.Saving /home/drigoni/repository/ConStruct-Thesis/ConStruct/chains/epoch235/batch230_GR0/molecule_414_0.gif to wandb
wandb: WARNING `fps` argument does not affect the frame rate of the video when providing a file path or raw bytes.
186/200 chains saved on local rank 0.Saving /home/drigoni/repository/ConStruct-Thesis/ConStruct/chains/epoch235/batch230_GR0/molecule_415_0.gif to wandb
wandb: WARNING `fps` argument does not affect the frame rate of the video when providing a file path or raw bytes.
187/200 chains saved on local rank 0.Saving /home/drigoni/repository/ConStruct-Thesis/ConStruct/chains/epoch235/batch230_GR0/molecule_416_0.gif to wandb
wandb: WARNING `fps` argument does not affect the frame rate of the video when providing a file path or raw bytes.
188/200 chains saved on local rank 0.Saving /home/drigoni/repository/ConStruct-Thesis/ConStruct/chains/epoch235/batch230_GR0/molecule_417_0.gif to wandb
wandb: WARNING `fps` argument does not affect the frame rate of the video when providing a file path or raw bytes.
189/200 chains saved on local rank 0.Saving /home/drigoni/repository/ConStruct-Thesis/ConStruct/chains/epoch235/batch230_GR0/molecule_418_0.gif to wandb
wandb: WARNING `fps` argument does not affect the frame rate of the video when providing a file path or raw bytes.
190/200 chains saved on local rank 0.Saving /home/drigoni/repository/ConStruct-Thesis/ConStruct/chains/epoch235/batch230_GR0/molecule_419_0.gif to wandb
wandb: WARNING `fps` argument does not affect the frame rate of the video when providing a file path or raw bytes.
191/200 chains saved on local rank 0.Saving /home/drigoni/repository/ConStruct-Thesis/ConStruct/chains/epoch235/batch230_GR0/molecule_420_0.gif to wandb
wandb: WARNING `fps` argument does not affect the frame rate of the video when providing a file path or raw bytes.
192/200 chains saved on local rank 0.Saving /home/drigoni/repository/ConStruct-Thesis/ConStruct/chains/epoch235/batch230_GR0/molecule_421_0.gif to wandb
wandb: WARNING `fps` argument does not affect the frame rate of the video when providing a file path or raw bytes.
193/200 chains saved on local rank 0.Saving /home/drigoni/repository/ConStruct-Thesis/ConStruct/chains/epoch235/batch230_GR0/molecule_422_0.gif to wandb
wandb: WARNING `fps` argument does not affect the frame rate of the video when providing a file path or raw bytes.
194/200 chains saved on local rank 0.Saving /home/drigoni/repository/ConStruct-Thesis/ConStruct/chains/epoch235/batch230_GR0/molecule_423_0.gif to wandb
wandb: WARNING `fps` argument does not affect the frame rate of the video when providing a file path or raw bytes.
195/200 chains saved on local rank 0.Saving /home/drigoni/repository/ConStruct-Thesis/ConStruct/chains/epoch235/batch230_GR0/molecule_424_0.gif to wandb
wandb: WARNING `fps` argument does not affect the frame rate of the video when providing a file path or raw bytes.
196/200 chains saved on local rank 0.Saving /home/drigoni/repository/ConStruct-Thesis/ConStruct/chains/epoch235/batch230_GR0/molecule_425_0.gif to wandb
wandb: WARNING `fps` argument does not affect the frame rate of the video when providing a file path or raw bytes.
197/200 chains saved on local rank 0.Saving /home/drigoni/repository/ConStruct-Thesis/ConStruct/chains/epoch235/batch230_GR0/molecule_426_0.gif to wandb
wandb: WARNING `fps` argument does not affect the frame rate of the video when providing a file path or raw bytes.
198/200 chains saved on local rank 0.Saving /home/drigoni/repository/ConStruct-Thesis/ConStruct/chains/epoch235/batch230_GR0/molecule_427_0.gif to wandb
wandb: WARNING `fps` argument does not affect the frame rate of the video when providing a file path or raw bytes.
199/200 chains saved on local rank 0.Saving /home/drigoni/repository/ConStruct-Thesis/ConStruct/chains/epoch235/batch230_GR0/molecule_428_0.gif to wandb
wandb: WARNING `fps` argument does not affect the frame rate of the video when providing a file path or raw bytes.
200/200 chains saved on local rank 0.Saving /home/drigoni/repository/ConStruct-Thesis/ConStruct/chains/epoch235/batch230_GR0/molecule_429_0.gif to wandb
wandb: WARNING `fps` argument does not affect the frame rate of the video when providing a file path or raw bytes.
[2026-06-25 21:27:42] Visualizing 230 graphs out of 230
Saving /home/drigoni/repository/ConStruct-Thesis/ConStruct/graphs/qm9_thesis_no_constraint/epoch235_b230/graph_0.png to wandb
Saving /home/drigoni/repository/ConStruct-Thesis/ConStruct/graphs/qm9_thesis_no_constraint/epoch235_b230/graph_1.png to wandb
Saving /home/drigoni/repository/ConStruct-Thesis/ConStruct/graphs/qm9_thesis_no_constraint/epoch235_b230/graph_2.png to wandb
[2026-06-25 21:27:47] Done.
[2026-06-25 21:27:47] Sampling a batch with 230 graphs on local rank 0. Saving 230 visualization and 0 full chains.
[2026-06-25 21:28:11] Visualizing 230 graphs out of 230
Saving /home/drigoni/repository/ConStruct-Thesis/ConStruct/graphs/qm9_thesis_no_constraint/epoch235_b460/graph_0.png to wandb
Saving /home/drigoni/repository/ConStruct-Thesis/ConStruct/graphs/qm9_thesis_no_constraint/epoch235_b460/graph_1.png to wandb
Saving /home/drigoni/repository/ConStruct-Thesis/ConStruct/graphs/qm9_thesis_no_constraint/epoch235_b460/graph_2.png to wandb
[2026-06-25 21:28:15] Done.
[2026-06-25 21:28:15] Sampling a batch with 230 graphs on local rank 0. Saving 230 visualization and 0 full chains.
[2026-06-25 21:28:40] Visualizing 230 graphs out of 230
Saving /home/drigoni/repository/ConStruct-Thesis/ConStruct/graphs/qm9_thesis_no_constraint/epoch235_b690/graph_0.png to wandb
Saving /home/drigoni/repository/ConStruct-Thesis/ConStruct/graphs/qm9_thesis_no_constraint/epoch235_b690/graph_1.png to wandb
Saving /home/drigoni/repository/ConStruct-Thesis/ConStruct/graphs/qm9_thesis_no_constraint/epoch235_b690/graph_2.png to wandb
[2026-06-25 21:28:44] Done.
[2026-06-25 21:28:44] Sampling a batch with 230 graphs on local rank 0. Saving 230 visualization and 0 full chains.
[2026-06-25 21:29:09] Visualizing 230 graphs out of 230
Saving /home/drigoni/repository/ConStruct-Thesis/ConStruct/graphs/qm9_thesis_no_constraint/epoch235_b920/graph_0.png to wandb
Saving /home/drigoni/repository/ConStruct-Thesis/ConStruct/graphs/qm9_thesis_no_constraint/epoch235_b920/graph_1.png to wandb
Saving /home/drigoni/repository/ConStruct-Thesis/ConStruct/graphs/qm9_thesis_no_constraint/epoch235_b920/graph_2.png to wandb
[2026-06-25 21:29:12] Done.
[2026-06-25 21:29:12] Sampling a batch with 80 graphs on local rank 0. Saving 80 visualization and 0 full chains.
[2026-06-25 21:29:31] Visualizing 80 graphs out of 80
Saving /home/drigoni/repository/ConStruct-Thesis/ConStruct/graphs/qm9_thesis_no_constraint/epoch235_b1000/graph_0.png to wandb
Saving /home/drigoni/repository/ConStruct-Thesis/ConStruct/graphs/qm9_thesis_no_constraint/epoch235_b1000/graph_1.png to wandb
Saving /home/drigoni/repository/ConStruct-Thesis/ConStruct/graphs/qm9_thesis_no_constraint/epoch235_b1000/graph_2.png to wandb
[2026-06-25 21:29:33] Done.
[2026-06-25 21:29:33] Sampling a batch with 231 graphs on local rank 0. Saving 0 visualization and 0 full chains.
[2026-06-25 21:29:58] Done.
[2026-06-25 21:29:58] Sampling a batch with 231 graphs on local rank 0. Saving 0 visualization and 0 full chains.
[2026-06-25 21:30:22] Done.
[2026-06-25 21:30:22] Sampling a batch with 231 graphs on local rank 0. Saving 0 visualization and 0 full chains.
[2026-06-25 21:30:47] Done.
[2026-06-25 21:30:47] Sampling a batch with 231 graphs on local rank 0. Saving 0 visualization and 0 full chains.
[2026-06-25 21:31:13] Done.
[2026-06-25 21:31:13] Sampling a batch with 231 graphs on local rank 0. Saving 0 visualization and 0 full chains.
[2026-06-25 21:31:39] Done.
[2026-06-25 21:31:39] Sampling a batch with 231 graphs on local rank 0. Saving 0 visualization and 0 full chains.
[2026-06-25 21:32:04] Done.
[2026-06-25 21:32:04] Sampling a batch with 231 graphs on local rank 0. Saving 0 visualization and 0 full chains.
[2026-06-25 21:32:30] Done.
[2026-06-25 21:32:30] Sampling a batch with 231 graphs on local rank 0. Saving 0 visualization and 0 full chains.
[2026-06-25 21:32:56] Done.
[2026-06-25 21:32:56] Sampling a batch with 231 graphs on local rank 0. Saving 0 visualization and 0 full chains.
[2026-06-25 21:33:21] Done.
[2026-06-25 21:33:21] Sampling a batch with 231 graphs on local rank 0. Saving 0 visualization and 0 full chains.
[2026-06-25 21:33:47] Done.
[2026-06-25 21:33:47] Sampling a batch with 231 graphs on local rank 0. Saving 0 visualization and 0 full chains.
[2026-06-25 21:34:13] Done.
[2026-06-25 21:34:13] Sampling a batch with 231 graphs on local rank 0. Saving 0 visualization and 0 full chains.
[2026-06-25 21:34:39] Done.
[2026-06-25 21:34:39] Sampling a batch with 231 graphs on local rank 0. Saving 0 visualization and 0 full chains.
[2026-06-25 21:35:05] Done.
[2026-06-25 21:35:05] Sampling a batch with 231 graphs on local rank 0. Saving 0 visualization and 0 full chains.
[2026-06-25 21:35:31] Done.
[2026-06-25 21:35:31] Sampling a batch with 231 graphs on local rank 0. Saving 0 visualization and 0 full chains.
[2026-06-25 21:35:57] Done.
[2026-06-25 21:35:57] Sampling a batch with 231 graphs on local rank 0. Saving 0 visualization and 0 full chains.
[2026-06-25 21:36:22] Done.
[2026-06-25 21:36:22] Sampling a batch with 231 graphs on local rank 0. Saving 0 visualization and 0 full chains.
[2026-06-25 21:36:48] Done.
[2026-06-25 21:36:48] Sampling a batch with 231 graphs on local rank 0. Saving 0 visualization and 0 full chains.
[2026-06-25 21:37:14] Done.
[2026-06-25 21:37:14] Sampling a batch with 231 graphs on local rank 0. Saving 0 visualization and 0 full chains.
[2026-06-25 21:37:40] Done.
[2026-06-25 21:37:40] Sampling a batch with 231 graphs on local rank 0. Saving 0 visualization and 0 full chains.
[2026-06-25 21:38:06] Done.
[2026-06-25 21:38:06] Sampling a batch with 231 graphs on local rank 0. Saving 0 visualization and 0 full chains.
[2026-06-25 21:38:31] Done.
[2026-06-25 21:38:31] Sampling a batch with 231 graphs on local rank 0. Saving 0 visualization and 0 full chains.
[2026-06-25 21:38:57] Done.
[2026-06-25 21:38:57] Sampling a batch with 231 graphs on local rank 0. Saving 0 visualization and 0 full chains.
[2026-06-25 21:39:23] Done.
[2026-06-25 21:39:23] Sampling a batch with 231 graphs on local rank 0. Saving 0 visualization and 0 full chains.
[2026-06-25 21:39:49] Done.
[2026-06-25 21:39:49] Sampling a batch with 231 graphs on local rank 0. Saving 0 visualization and 0 full chains.
[2026-06-25 21:40:14] Done.
[2026-06-25 21:40:14] Sampling a batch with 231 graphs on local rank 0. Saving 0 visualization and 0 full chains.
[2026-06-25 21:40:40] Done.
[2026-06-25 21:40:40] Sampling a batch with 231 graphs on local rank 0. Saving 0 visualization and 0 full chains.
[2026-06-25 21:41:06] Done.
[2026-06-25 21:41:06] Sampling a batch with 231 graphs on local rank 0. Saving 0 visualization and 0 full chains.
[2026-06-25 21:41:32] Done.
[2026-06-25 21:41:32] Sampling a batch with 231 graphs on local rank 0. Saving 0 visualization and 0 full chains.
[2026-06-25 21:41:57] Done.
[2026-06-25 21:41:57] Sampling a batch with 231 graphs on local rank 0. Saving 0 visualization and 0 full chains.
[2026-06-25 21:42:23] Done.
[2026-06-25 21:42:23] Sampling a batch with 231 graphs on local rank 0. Saving 0 visualization and 0 full chains.
[2026-06-25 21:42:49] Done.
[2026-06-25 21:42:49] Sampling a batch with 231 graphs on local rank 0. Saving 0 visualization and 0 full chains.
[2026-06-25 21:43:15] Done.
[2026-06-25 21:43:15] Sampling a batch with 231 graphs on local rank 0. Saving 0 visualization and 0 full chains.
[2026-06-25 21:43:40] Done.
[2026-06-25 21:43:40] Sampling a batch with 231 graphs on local rank 0. Saving 0 visualization and 0 full chains.
[2026-06-25 21:44:06] Done.
[2026-06-25 21:44:06] Sampling a batch with 231 graphs on local rank 0. Saving 0 visualization and 0 full chains.
[2026-06-25 21:44:32] Done.
[2026-06-25 21:44:32] Sampling a batch with 231 graphs on local rank 0. Saving 0 visualization and 0 full chains.
[2026-06-25 21:44:58] Done.
[2026-06-25 21:44:58] Sampling a batch with 231 graphs on local rank 0. Saving 0 visualization and 0 full chains.
[2026-06-25 21:45:23] Done.
[2026-06-25 21:45:23] Sampling a batch with 231 graphs on local rank 0. Saving 0 visualization and 0 full chains.
[2026-06-25 21:45:49] Done.
[2026-06-25 21:45:49] Sampling a batch with 222 graphs on local rank 0. Saving 0 visualization and 0 full chains.
[2026-06-25 21:46:14] Done.
Saving the generated graphs
Saved.
📊 Computing final sampling metrics...
Error messages: AtomValence 176, Kekulize 0, other 0,  -- No error 9824
Traceback (most recent call last):
  File "/home/drigoni/Programs/miniconda/envs/construct/lib/python3.10/multiprocessing/util.py", line 300, in _run_finalizers
    finalizer()
  File "/home/drigoni/Programs/miniconda/envs/construct/lib/python3.10/multiprocessing/util.py", line 224, in __call__
    res = self._callback(*self._args, **self._kwargs)
  File "/home/drigoni/Programs/miniconda/envs/construct/lib/python3.10/multiprocessing/util.py", line 133, in _remove_temp_dir
    rmtree(tempdir)
  File "/home/drigoni/Programs/miniconda/envs/construct/lib/python3.10/shutil.py", line 725, in rmtree
    _rmtree_safe_fd(fd, path, onerror)
  File "/home/drigoni/Programs/miniconda/envs/construct/lib/python3.10/shutil.py", line 681, in _rmtree_safe_fd
    onerror(os.unlink, fullname, sys.exc_info())
  File "/home/drigoni/Programs/miniconda/envs/construct/lib/python3.10/shutil.py", line 679, in _rmtree_safe_fd
    os.unlink(entry.name, dir_fd=topfd)
OSError: [Errno 16] Device or resource busy: '.nfs000000001550c02400001c3a'
Some generated smiles: O=C1CN(C2CC2)C=N1 O=C1OCC2(CCC2)O1 O=C1CC2C3CC1OC23 C#CC1C2C3COC3C12 C1OC2C3CC1C21OC31 CC1C(C#N)N1C(N)=O CC1COC12CC1CC12 C#CC(C)(CCC)OC C#CC1C2C3C4C3[NH+]1C24 CC1(CO[CH+][NH-])COC1

================================================================================
📊 CONSTRAINT SATISFACTION RESULTS
================================================================================

📋 **Definitions**:
• **FCD** — Fréchet ChemNet Distance computed on valid canonical SMILES; lower is better
• **Unique/Novel/Valid** — proportions computed over all generated molecules (not only valid)
• **Disconnected** — share of graphs with >1 connected component
• **Property satisfied** — share of generated graphs meeting the enforced structural constraint
• **V.U.N.** — product of Valid × Unique × Novel (in [0,100]%)

🔍 **LOGGING TO WANDB**:
============================================================
  test_sampling/NumNodesW1: 0.00910105463117361
  test_sampling/NodeTypesTV: 0.018120111897587776
  test_sampling/EdgeTypesTV: 0.05453123897314072
  test_sampling/Disconnected: 2.1299999207258224
  test_sampling/MeanComponents: 1.021299958229065
  test_sampling/MaxComponents: 2.0
  test_sampling/planarity: 0.9962000250816345
  test_sampling/no_cycles: 0.0877000018954277
  test_sampling/lobster_components: 0.0877000018954277
  test_sampling/generated_deg_hist: <wandb.sdk.data_types.histogram.Histogram object at 0x7f07534ae2c0>
  test_sampling/diff_deg_hist: <wandb.sdk.data_types.histogram.Histogram object at 0x7f07534ac6a0>
  test_sampling/abs_diff_deg_hist: <wandb.sdk.data_types.histogram.Histogram object at 0x7f07534ac970>
  test_sampling/Validity: 98.24000000953674
  test_sampling/Uniqueness: 97.17019543973942
  test_sampling/Novelty: 90.39388298988342
  test_sampling/fcd score: 1.1571854701792397
============================================================


🎯 CORE METRICS:
================================================================================
qm9_thesis_no_constraint — TEST — QM9
Constraint: No structural constraint · N=10,000 · diffusion_steps=500 · sampler=reverse

+-------------------------+--------------------+
| Metric                  | Value                |
+-------------------------+--------------------+
| Molecules generated (N) | 10,000               |
| FCD                     | 1.157                |
| Unique (%)              | 97.1702%             |
| Novel (%)               | 90.3939%             |
| Valid (%)               | 98.24%               |
| Disconnected (%)        | 2.13%                |
| Property satisfied (%)  | —                    |
| V.U.N. (%)              | 86.29%               |
+-------------------------+--------------------+


🏗️ STRUCTURAL CONSTRAINT SATISFACTION:
================================================================================
qm9_thesis_no_constraint — TEST — QM9 — Structural
Constraint: No structural constraint · N=10,000 · diffusion_steps=500 · sampler=reverse

+---------------------------+--------------------------+
| Metric                    | Value                      |
+---------------------------+--------------------------+
| Constraint                | No structural constraint   |
| Ring count 0 (%)          | 8.77%                      |
| Ring count 1 (%)          | 32.72%                     |
| Ring count 2 (%)          | 7.72%                      |
| Ring count 3 (%)          | 26.79%                     |
| Ring count 4 (%)          | 2.69%                      |
| Ring count 5 (%)          | 0.03%                      |
| Ring count 6 (%)          | 8.11%                      |
| Ring count 7 (%)          | 7.39%                      |
| Ring count 8 (%)          | 0.32%                      |
| Ring count 9+ (%)         | 5.46%                      |
| Acyclic (max len 0) (%)   | 8.77%                      |
| Ring length 3 (max) (%)   | 9.25%                      |
| Ring length 4 (max) (%)   | 11.87%                     |
| Ring length 5 (max) (%)   | 23.79%                     |
| Ring length 6 (max) (%)   | 20.63%                     |
| Ring length 7 (max) (%)   | 13.23%                     |
| Ring length 8 (max) (%)   | 8.92%                      |
| Ring length 9 (max) (%)   | 3.54%                      |
| Ring length 10 (max) (%)  | 0.0%                       |
| Ring length 11 (max) (%)  | 0.0%                       |
| Ring length 12 (max) (%)  | 0.0%                       |
| Ring length >12 (max) (%) | 0.0%                       |
+---------------------------+--------------------------+


⏱️ TIMING METRICS:
================================================================================
qm9_thesis_no_constraint — TEST — QM9 — Timing
Constraint: No structural constraint · N=10,000 · diffusion_steps=500 · sampler=reverse

+---------------------------------+--------------------------------------------------+
| Metric                          | Value                                              |
+---------------------------------+--------------------------------------------------+
| Sampling time (s) for N         | 1721.31 for N=10,000                               |
| Per-graph sampling time (ms)    | 172.1                                              |
| Sampling batches                | 44                                                 |
| Projector mean time (ms)        | 0.0 (no projection)                                |
| Projector share of sampling (%) | 0.0% (no projection)                               |
| Wall-clock elapsed (hh:mm)      | 07:00                                              |
| Environment                     | gpu=Tesla V100-FHHL-16GB, torch=2.12.1+cu126, ...  |
+---------------------------------+--------------------------------------------------+


🧪 CHEMISTRY METRICS:
================================================================================
qm9_thesis_no_constraint — TEST — QM9 — Chemistry
Constraint: No structural constraint · N=10,000 · diffusion_steps=500 · sampler=reverse

+---------------------------------+--------------------+
| Metric                          | Value                |
+---------------------------------+--------------------+
| Valid molecules used (chem)     | 9,824                |
| Molecular weight (Da) mean ± sd | 122.1 ± 8.7          |
| Heavy atoms mean ± sd           | 8.8 ± 0.6            |
| Atom composition % (C/N/O/F)    | 73.3/11.2/15.3/0.2   |
+---------------------------------+--------------------+

All smiles saved on rank 0
[VIOLATION TRACKING] Detected constraint: None, value: None
[VIOLATION TRACKING] Enforced constraint: None
[VIOLATION TRACKING] Tracking violations for: []
[VIOLATION TRACKING] Ignoring violations for: ['ring_count', 'ring_length', 'planarity']
[VIOLATIONS] Summary saved to violation_summary_rank0_20260625_214703.txt
Sampling metrics {'test_sampling/NumNodesW1': 0.009, 'test_sampling/NodeTypesTV': 0.018, 'test_sampling/EdgeTypesTV': 0.055, 'test_sampling/Disconnected': 2.13, 'test_sampling/MeanComponents': 1.021, 'test_sampling/MaxComponents': 2.0, 'test_sampling/planarity': 0.996, 'test_sampling/no_cycles': 0.088, 'test_sampling/lobster_components': 0.088, 'test_sampling/generated_deg_hist': [0.001, 0.224, 0.434, 0.279, 0.061, 0.001, 0.0, 0.0, 0.0], 'test_sampling/diff_deg_hist': [0.001, -0.016, 0.001, 0.005, 0.007, 0.001, 0.0, 0.0, 0.0], 'test_sampling/abs_diff_deg_hist': [0.001, 0.016, 0.001, 0.005, 0.007, 0.001, 0.0, 0.0, 0.0], 'test_sampling/Validity': 98.24, 'test_sampling/Uniqueness': 97.17, 'test_sampling/Novelty': 90.394, 'test_sampling/fcd score': 1.157, 'test_sampling/ChargeW1': 0.006, 'test_sampling/ValencyW1': 0.031, 'test_ratio/fcd score': 1.316, 'test_ratio/average': 1.316}
Done. Sampling took 1771.46 seconds

Test ends.
wandb: updating run metadata
wandb: uploading output.log; uploading wandb-summary.json; uploading config.yaml
wandb: uploading history steps 401-401, summary, console lines 639-647
wandb: 
wandb: Run history:
wandb:                   test/E_kl ▁
wandb:                   test/X_kl ▁
wandb:             test/charges_kl ▁
wandb:              test/epoch_NLL ▁
wandb:          test_ratio/average ▁
wandb:        test_ratio/fcd score ▁
wandb:      test_sampling/ChargeW1 ▁
wandb:  test_sampling/Disconnected ▁
wandb:   test_sampling/EdgeTypesTV ▁
wandb: test_sampling/MaxComponents ▁
wandb:                         +11 ...
wandb: 
wandb: Run summary:
wandb:                   test/E_kl 65.4474
wandb:                   test/X_kl 3.14718
wandb:             test/charges_kl 0.57585
wandb:              test/epoch_NLL 69.72575
wandb:          test_ratio/average 1.31629
wandb:        test_ratio/fcd score 1.31629
wandb:      test_sampling/ChargeW1 0.0055
wandb:  test_sampling/Disconnected 2.13
wandb:   test_sampling/EdgeTypesTV 0.05453
wandb: test_sampling/MaxComponents 2
wandb:                         +11 ...
wandb: 
wandb: 🚀 View run qm9_thesis_no_constraint-qm9 at: https://wandb.ai/drigoni/ConStruct/runs/612bryu7
wandb: ⭐️ View project at: https://wandb.ai/drigoni/ConStruct
wandb: Synced 5 W&B file(s), 1400 media file(s), 0 artifact file(s) and 9 other file(s)
wandb: Find logs at: ./wandb/run-20260625_211721-612bryu7/logs
────────────────────────────────────────────────────────────────────────────────────────────────────────────────────────
       Test metric             DataLoader 0
────────────────────────────────────────────────────────────────────────────────────────────────────────────────────────
        test/E_kl            65.44740295410156
        test/X_kl           3.1471760272979736
     test/charges_kl         0.575846254825592
     test/epoch_NLL          69.72574615478516
────────────────────────────────────────────────────────────────────────────────────────────────────────────────────────
Traceback (most recent call last):
Traceback (most recent call last):
  File "/home/drigoni/Programs/miniconda/envs/construct/lib/python3.10/multiprocessing/util.py", line 300, in _run_finalizers
    finalizer()
  File "/home/drigoni/Programs/miniconda/envs/construct/lib/python3.10/multiprocessing/util.py", line 224, in __call__
    res = self._callback(*self._args, **self._kwargs)
  File "/home/drigoni/Programs/miniconda/envs/construct/lib/python3.10/multiprocessing/util.py", line 133, in _remove_temp_dir
    rmtree(tempdir)
  File "/home/drigoni/Programs/miniconda/envs/construct/lib/python3.10/shutil.py", line 725, in rmtree
    _rmtree_safe_fd(fd, path, onerror)
  File "/home/drigoni/Programs/miniconda/envs/construct/lib/python3.10/multiprocessing/util.py", line 300, in _run_finalizers
    finalizer()
  File "/home/drigoni/Programs/miniconda/envs/construct/lib/python3.10/shutil.py", line 681, in _rmtree_safe_fd
    onerror(os.unlink, fullname, sys.exc_info())
  File "/home/drigoni/Programs/miniconda/envs/construct/lib/python3.10/multiprocessing/util.py", line 224, in __call__
    res = self._callback(*self._args, **self._kwargs)
  File "/home/drigoni/Programs/miniconda/envs/construct/lib/python3.10/shutil.py", line 679, in _rmtree_safe_fd
    os.unlink(entry.name, dir_fd=topfd)
  File "/home/drigoni/Programs/miniconda/envs/construct/lib/python3.10/multiprocessing/util.py", line 133, in _remove_temp_dir
    rmtree(tempdir)
Traceback (most recent call last):
  File "/home/drigoni/Programs/miniconda/envs/construct/lib/python3.10/shutil.py", line 725, in rmtree
    _rmtree_safe_fd(fd, path, onerror)
OSError: [Errno 16] Device or resource busy: '.nfs000000001550641e00001c3b'
  File "/home/drigoni/Programs/miniconda/envs/construct/lib/python3.10/shutil.py", line 681, in _rmtree_safe_fd
    onerror(os.unlink, fullname, sys.exc_info())
  File "/home/drigoni/Programs/miniconda/envs/construct/lib/python3.10/shutil.py", line 679, in _rmtree_safe_fd
    os.unlink(entry.name, dir_fd=topfd)
OSError: [Errno 16] Device or resource busy: '.nfs000000001550642000001c3c'
Traceback (most recent call last):
  File "/home/drigoni/Programs/miniconda/envs/construct/lib/python3.10/multiprocessing/util.py", line 300, in _run_finalizers
    finalizer()
  File "/home/drigoni/Programs/miniconda/envs/construct/lib/python3.10/multiprocessing/util.py", line 224, in __call__
    res = self._callback(*self._args, **self._kwargs)
  File "/home/drigoni/Programs/miniconda/envs/construct/lib/python3.10/multiprocessing/util.py", line 133, in _remove_temp_dir
    rmtree(tempdir)
  File "/home/drigoni/Programs/miniconda/envs/construct/lib/python3.10/multiprocessing/util.py", line 300, in _run_finalizers
    finalizer()
  File "/home/drigoni/Programs/miniconda/envs/construct/lib/python3.10/shutil.py", line 725, in rmtree
    _rmtree_safe_fd(fd, path, onerror)
  File "/home/drigoni/Programs/miniconda/envs/construct/lib/python3.10/multiprocessing/util.py", line 224, in __call__
    res = self._callback(*self._args, **self._kwargs)
  File "/home/drigoni/Programs/miniconda/envs/construct/lib/python3.10/shutil.py", line 681, in _rmtree_safe_fd
    onerror(os.unlink, fullname, sys.exc_info())
  File "/home/drigoni/Programs/miniconda/envs/construct/lib/python3.10/shutil.py", line 679, in _rmtree_safe_fd
    os.unlink(entry.name, dir_fd=topfd)
OSError: [Errno 16] Device or resource busy: '.nfs000000001550641d00001c3d'
  File "/home/drigoni/Programs/miniconda/envs/construct/lib/python3.10/multiprocessing/util.py", line 133, in _remove_temp_dir
    rmtree(tempdir)
  File "/home/drigoni/Programs/miniconda/envs/construct/lib/python3.10/shutil.py", line 725, in rmtree
    _rmtree_safe_fd(fd, path, onerror)
  File "/home/drigoni/Programs/miniconda/envs/construct/lib/python3.10/shutil.py", line 681, in _rmtree_safe_fd
    onerror(os.unlink, fullname, sys.exc_info())
  File "/home/drigoni/Programs/miniconda/envs/construct/lib/python3.10/shutil.py", line 679, in _rmtree_safe_fd
    os.unlink(entry.name, dir_fd=topfd)
OSError: [Errno 16] Device or resource busy: '.nfs000000001550642200001c3e'
Experiment completed at Thu 25 Jun 2026 09:47:07 PM CEST
